{"@timestamp":"2026-01-03T00:25:21.5936754+05:30","@version":"1","message":"Running the evict task with compensationTime 2657715ms","logger_name":"com.netflix.eureka.registry.AbstractInstanceRegistry","thread_name":"Eureka-EvictionTimer","level":"INFO","level_value":20000}
{"@timestamp":"2026-01-03T00:26:21.5962366+05:30","@version":"1","message":"Running the evict task with compensationTime 6ms","logger_name":"com.netflix.eureka.registry.AbstractInstanceRegistry","thread_name":"Eureka-EvictionTimer","level":"INFO","level_value":20000}
{"@timestamp":"2026-01-03T00:27:21.5992138+05:30","@version":"1","message":"Running the evict task with compensationTime 3ms","logger_name":"com.netflix.eureka.registry.AbstractInstanceRegistry","thread_name":"Eureka-EvictionTimer","level":"INFO","level_value":20000}
{"@timestamp":"2026-01-03T00:42:17.5964004+05:30","@version":"1","message":"Current renewal threshold is : 0","logger_name":"com.netflix.eureka.registry.PeerAwareInstanceRegistryImpl","thread_name":"ReplicaAwareInstanceRegistry - RenewalThresholdUpdater","level":"INFO","level_value":20000}
{"@timestamp":"2026-01-03T00:42:18.3791242+05:30","@version":"1","message":"The replica size seems to be empty. Check the route 53 DNS Registry","logger_name":"com.netflix.eureka.cluster.PeerEurekaNodes","thread_name":"Eureka-PeerNodesUpdater","level":"WARN","level_value":30000}
{"@timestamp":"2026-01-03T09:34:19.6018175+05:30","@version":"1","message":"Running the evict task with compensationTime 32762950ms","logger_name":"com.netflix.eureka.registry.AbstractInstanceRegistry","thread_name":"Eureka-EvictionTimer","level":"INFO","level_value":20000}
{"@timestamp":"2026-01-03T09:35:19.5777115+05:30","@version":"1","message":"Running the evict task with compensationTime 0ms","logger_name":"com.netflix.eureka.registry.AbstractInstanceRegistry","thread_name":"Eureka-EvictionTimer","level":"INFO","level_value":20000}
{"@timestamp":"2026-01-03T09:36:19.6290433+05:30","@version":"1","message":"Running the evict task with compensationTime 24ms","logger_name":"com.netflix.eureka.registry.AbstractInstanceRegistry","thread_name":"Eureka-EvictionTimer","level":"INFO","level_value":20000}
{"@timestamp":"2026-01-03T09:37:19.6031569+05:30","@version":"1","message":"Running the evict task with compensationTime 2ms","logger_name":"com.netflix.eureka.registry.AbstractInstanceRegistry","thread_name":"Eureka-EvictionTimer","level":"INFO","level_value":20000}
{"@timestamp":"2026-01-03T09:38:19.6164804+05:30","@version":"1","message":"Running the evict task with compensationTime 13ms","logger_name":"com.netflix.eureka.registry.AbstractInstanceRegistry","thread_name":"Eureka-EvictionTimer","level":"INFO","level_value":20000}
{"@timestamp":"2026-01-03T09:39:19.6292969+05:30","@version":"1","message":"Running the evict task with compensationTime 12ms","logger_name":"com.netflix.eureka.registry.AbstractInstanceRegistry","thread_name":"Eureka-EvictionTimer","level":"INFO","level_value":20000}
{"@timestamp":"2026-01-03T09:40:19.6433051+05:30","@version":"1","message":"Running the evict task with compensationTime 14ms","logger_name":"com.netflix.eureka.registry.AbstractInstanceRegistry","thread_name":"Eureka-EvictionTimer","level":"INFO","level_value":20000}
{"@timestamp":"2026-01-03T09:41:19.6482409+05:30","@version":"1","message":"Running the evict task with compensationTime 4ms","logger_name":"com.netflix.eureka.registry.AbstractInstanceRegistry","thread_name":"Eureka-EvictionTimer","level":"INFO","level_value":20000}
{"@timestamp":"2026-01-03T09:42:19.6516707+05:30","@version":"1","message":"Running the evict task with compensationTime 4ms","logger_name":"com.netflix.eureka.registry.AbstractInstanceRegistry","thread_name":"Eureka-EvictionTimer","level":"INFO","level_value":20000}
{"@timestamp":"2026-01-03T09:43:19.6620748+05:30","@version":"1","message":"Running the evict task with compensationTime 8ms","logger_name":"com.netflix.eureka.registry.AbstractInstanceRegistry","thread_name":"Eureka-EvictionTimer","level":"INFO","level_value":20000}
{"@timestamp":"2026-01-03T09:43:56.268+05:30","@version":"1","message":"The replica size seems to be empty. Check the route 53 DNS Registry","logger_name":"com.netflix.eureka.cluster.PeerEurekaNodes","thread_name":"Eureka-PeerNodesUpdater","level":"WARN","level_value":30000}
{"@timestamp":"2026-01-03T09:44:19.671093+05:30","@version":"1","message":"Running the evict task with compensationTime 10ms","logger_name":"com.netflix.eureka.registry.AbstractInstanceRegistry","thread_name":"Eureka-EvictionTimer","level":"INFO","level_value":20000}
{"@timestamp":"2026-01-03T09:45:19.6732966+05:30","@version":"1","message":"Running the evict task with compensationTime 2ms","logger_name":"com.netflix.eureka.registry.AbstractInstanceRegistry","thread_name":"Eureka-EvictionTimer","level":"INFO","level_value":20000}
{"@timestamp":"2026-01-03T09:46:19.6882839+05:30","@version":"1","message":"Running the evict task with compensationTime 15ms","logger_name":"com.netflix.eureka.registry.AbstractInstanceRegistry","thread_name":"Eureka-EvictionTimer","level":"INFO","level_value":20000}
{"@timestamp":"2026-01-03T09:47:19.6895599+05:30","@version":"1","message":"Running the evict task with compensationTime 1ms","logger_name":"com.netflix.eureka.registry.AbstractInstanceRegistry","thread_name":"Eureka-EvictionTimer","level":"INFO","level_value":20000}
{"@timestamp":"2026-01-03T09:48:19.6926206+05:30","@version":"1","message":"Running the evict task with compensationTime 2ms","logger_name":"com.netflix.eureka.registry.AbstractInstanceRegistry","thread_name":"Eureka-EvictionTimer","level":"INFO","level_value":20000}
{"@timestamp":"2026-01-03T09:48:55.4540923+05:30","@version":"1","message":"Current renewal threshold is : 0","logger_name":"com.netflix.eureka.registry.PeerAwareInstanceRegistryImpl","thread_name":"ReplicaAwareInstanceRegistry - RenewalThresholdUpdater","level":"INFO","level_value":20000}
{"@timestamp":"2026-01-03T09:49:19.6925851+05:30","@version":"1","message":"Running the evict task with compensationTime 0ms","logger_name":"com.netflix.eureka.registry.AbstractInstanceRegistry","thread_name":"Eureka-EvictionTimer","level":"INFO","level_value":20000}
{"@timestamp":"2026-01-03T09:50:19.6942029+05:30","@version":"1","message":"Running the evict task with compensationTime 1ms","logger_name":"com.netflix.eureka.registry.AbstractInstanceRegistry","thread_name":"Eureka-EvictionTimer","level":"INFO","level_value":20000}
{"@timestamp":"2026-01-03T09:51:19.6953997+05:30","@version":"1","message":"Running the evict task with compensationTime 1ms","logger_name":"com.netflix.eureka.registry.AbstractInstanceRegistry","thread_name":"Eureka-EvictionTimer","level":"INFO","level_value":20000}
{"@timestamp":"2026-01-03T09:52:19.6997664+05:30","@version":"1","message":"Running the evict task with compensationTime 4ms","logger_name":"com.netflix.eureka.registry.AbstractInstanceRegistry","thread_name":"Eureka-EvictionTimer","level":"INFO","level_value":20000}
{"@timestamp":"2026-01-03T09:53:19.7112434+05:30","@version":"1","message":"Running the evict task with compensationTime 11ms","logger_name":"com.netflix.eureka.registry.AbstractInstanceRegistry","thread_name":"Eureka-EvictionTimer","level":"INFO","level_value":20000}
{"@timestamp":"2026-01-03T09:53:56.6383599+05:30","@version":"1","message":"The replica size seems to be empty. Check the route 53 DNS Registry","logger_name":"com.netflix.eureka.cluster.PeerEurekaNodes","thread_name":"Eureka-PeerNodesUpdater","level":"WARN","level_value":30000}
{"@timestamp":"2026-01-03T09:54:19.7119557+05:30","@version":"1","message":"Running the evict task with compensationTime 0ms","logger_name":"com.netflix.eureka.registry.AbstractInstanceRegistry","thread_name":"Eureka-EvictionTimer","level":"INFO","level_value":20000}
{"@timestamp":"2026-01-03T09:55:19.72403+05:30","@version":"1","message":"Running the evict task with compensationTime 11ms","logger_name":"com.netflix.eureka.registry.AbstractInstanceRegistry","thread_name":"Eureka-EvictionTimer","level":"INFO","level_value":20000}
{"@timestamp":"2026-01-03T09:56:19.7269595+05:30","@version":"1","message":"Running the evict task with compensationTime 3ms","logger_name":"com.netflix.eureka.registry.AbstractInstanceRegistry","thread_name":"Eureka-EvictionTimer","level":"INFO","level_value":20000}
{"@timestamp":"2026-01-03T09:57:19.727878+05:30","@version":"1","message":"Running the evict task with compensationTime 0ms","logger_name":"com.netflix.eureka.registry.AbstractInstanceRegistry","thread_name":"Eureka-EvictionTimer","level":"INFO","level_value":20000}
{"@timestamp":"2026-01-03T09:58:19.728275+05:30","@version":"1","message":"Running the evict task with compensationTime 0ms","logger_name":"com.netflix.eureka.registry.AbstractInstanceRegistry","thread_name":"Eureka-EvictionTimer","level":"INFO","level_value":20000}
{"@timestamp":"2026-01-03T09:59:19.86731+05:30","@version":"1","message":"Running the evict task with compensationTime 137ms","logger_name":"com.netflix.eureka.registry.AbstractInstanceRegistry","thread_name":"Eureka-EvictionTimer","level":"INFO","level_value":20000}
{"@timestamp":"2026-01-03T10:00:19.8690213+05:30","@version":"1","message":"Running the evict task with compensationTime 3ms","logger_name":"com.netflix.eureka.registry.AbstractInstanceRegistry","thread_name":"Eureka-EvictionTimer","level":"INFO","level_value":20000}
{"@timestamp":"2026-01-03T10:01:19.8761336+05:30","@version":"1","message":"Running the evict task with compensationTime 6ms","logger_name":"com.netflix.eureka.registry.AbstractInstanceRegistry","thread_name":"Eureka-EvictionTimer","level":"INFO","level_value":20000}
{"@timestamp":"2026-01-03T10:23:23.010981+05:30","@version":"1","message":"Running the evict task with compensationTime 1263133ms","logger_name":"com.netflix.eureka.registry.AbstractInstanceRegistry","thread_name":"Eureka-EvictionTimer","level":"INFO","level_value":20000}
{"@timestamp":"2026-01-03T10:24:23.022627+05:30","@version":"1","message":"Running the evict task with compensationTime 12ms","logger_name":"com.netflix.eureka.registry.AbstractInstanceRegistry","thread_name":"Eureka-EvictionTimer","level":"INFO","level_value":20000}
{"@timestamp":"2026-01-03T10:24:58.6013688+05:30","@version":"1","message":"Current renewal threshold is : 0","logger_name":"com.netflix.eureka.registry.PeerAwareInstanceRegistryImpl","thread_name":"ReplicaAwareInstanceRegistry - RenewalThresholdUpdater","level":"INFO","level_value":20000}
{"@timestamp":"2026-01-03T10:24:59.7850196+05:30","@version":"1","message":"The replica size seems to be empty. Check the route 53 DNS Registry","logger_name":"com.netflix.eureka.cluster.PeerEurekaNodes","thread_name":"Eureka-PeerNodesUpdater","level":"WARN","level_value":30000}
{"@timestamp":"2026-01-03T10:25:23.0289371+05:30","@version":"1","message":"Running the evict task with compensationTime 6ms","logger_name":"com.netflix.eureka.registry.AbstractInstanceRegistry","thread_name":"Eureka-EvictionTimer","level":"INFO","level_value":20000}
{"@timestamp":"2026-01-03T10:26:23.0362311+05:30","@version":"1","message":"Running the evict task with compensationTime 7ms","logger_name":"com.netflix.eureka.registry.AbstractInstanceRegistry","thread_name":"Eureka-EvictionTimer","level":"INFO","level_value":20000}
{"@timestamp":"2026-01-03T10:27:23.0365442+05:30","@version":"1","message":"Running the evict task with compensationTime 0ms","logger_name":"com.netflix.eureka.registry.AbstractInstanceRegistry","thread_name":"Eureka-EvictionTimer","level":"INFO","level_value":20000}
{"@timestamp":"2026-01-03T10:37:44.9800495+05:30","@version":"1","message":"Running the evict task with compensationTime 561933ms","logger_name":"com.netflix.eureka.registry.AbstractInstanceRegistry","thread_name":"Eureka-EvictionTimer","level":"INFO","level_value":20000}
{"@timestamp":"2026-01-03T10:38:44.9753252+05:30","@version":"1","message":"Running the evict task with compensationTime 5ms","logger_name":"com.netflix.eureka.registry.AbstractInstanceRegistry","thread_name":"Eureka-EvictionTimer","level":"INFO","level_value":20000}
{"@timestamp":"2026-01-03T10:39:44.991187+05:30","@version":"1","message":"Running the evict task with compensationTime 14ms","logger_name":"com.netflix.eureka.registry.AbstractInstanceRegistry","thread_name":"Eureka-EvictionTimer","level":"INFO","level_value":20000}
{"@timestamp":"2026-01-03T10:40:44.9941055+05:30","@version":"1","message":"Running the evict task with compensationTime 3ms","logger_name":"com.netflix.eureka.registry.AbstractInstanceRegistry","thread_name":"Eureka-EvictionTimer","level":"INFO","level_value":20000}
{"@timestamp":"2026-01-03T10:41:45.000113+05:30","@version":"1","message":"Running the evict task with compensationTime 5ms","logger_name":"com.netflix.eureka.registry.AbstractInstanceRegistry","thread_name":"Eureka-EvictionTimer","level":"INFO","level_value":20000}
{"@timestamp":"2026-01-03T10:42:45.001441+05:30","@version":"1","message":"Running the evict task with compensationTime 1ms","logger_name":"com.netflix.eureka.registry.AbstractInstanceRegistry","thread_name":"Eureka-EvictionTimer","level":"INFO","level_value":20000}
{"@timestamp":"2026-01-03T10:43:45.012145+05:30","@version":"1","message":"Running the evict task with compensationTime 9ms","logger_name":"com.netflix.eureka.registry.AbstractInstanceRegistry","thread_name":"Eureka-EvictionTimer","level":"INFO","level_value":20000}
{"@timestamp":"2026-01-03T10:44:21.7245424+05:30","@version":"1","message":"The replica size seems to be empty. Check the route 53 DNS Registry","logger_name":"com.netflix.eureka.cluster.PeerEurekaNodes","thread_name":"Eureka-PeerNodesUpdater","level":"WARN","level_value":30000}
{"@timestamp":"2026-01-03T10:44:45.0245021+05:30","@version":"1","message":"Running the evict task with compensationTime 13ms","logger_name":"com.netflix.eureka.registry.AbstractInstanceRegistry","thread_name":"Eureka-EvictionTimer","level":"INFO","level_value":20000}
{"@timestamp":"2026-01-03T10:45:45.0371495+05:30","@version":"1","message":"Running the evict task with compensationTime 12ms","logger_name":"com.netflix.eureka.registry.AbstractInstanceRegistry","thread_name":"Eureka-EvictionTimer","level":"INFO","level_value":20000}
{"@timestamp":"2026-01-03T10:46:45.0456608+05:30","@version":"1","message":"Running the evict task with compensationTime 8ms","logger_name":"com.netflix.eureka.registry.AbstractInstanceRegistry","thread_name":"Eureka-EvictionTimer","level":"INFO","level_value":20000}
{"@timestamp":"2026-01-03T10:47:45.0457308+05:30","@version":"1","message":"Running the evict task with compensationTime 0ms","logger_name":"com.netflix.eureka.registry.AbstractInstanceRegistry","thread_name":"Eureka-EvictionTimer","level":"INFO","level_value":20000}
{"@timestamp":"2026-01-03T12:09:13.5888461+05:30","@version":"1","message":"Running the evict task with compensationTime 4828541ms","logger_name":"com.netflix.eureka.registry.AbstractInstanceRegistry","thread_name":"Eureka-EvictionTimer","level":"INFO","level_value":20000}
{"@timestamp":"2026-01-03T12:09:49.0624191+05:30","@version":"1","message":"Current renewal threshold is : 0","logger_name":"com.netflix.eureka.registry.PeerAwareInstanceRegistryImpl","thread_name":"ReplicaAwareInstanceRegistry - RenewalThresholdUpdater","level":"INFO","level_value":20000}
{"@timestamp":"2026-01-03T12:10:13.5901377+05:30","@version":"1","message":"Running the evict task with compensationTime 2ms","logger_name":"com.netflix.eureka.registry.AbstractInstanceRegistry","thread_name":"Eureka-EvictionTimer","level":"INFO","level_value":20000}
{"@timestamp":"2026-01-03T12:11:13.5965113+05:30","@version":"1","message":"Running the evict task with compensationTime 6ms","logger_name":"com.netflix.eureka.registry.AbstractInstanceRegistry","thread_name":"Eureka-EvictionTimer","level":"INFO","level_value":20000}
{"@timestamp":"2026-01-03T12:12:13.663426+05:30","@version":"1","message":"Running the evict task with compensationTime 67ms","logger_name":"com.netflix.eureka.registry.AbstractInstanceRegistry","thread_name":"Eureka-EvictionTimer","level":"INFO","level_value":20000}
{"@timestamp":"2026-01-03T12:13:13.6640914+05:30","@version":"1","message":"Running the evict task with compensationTime 0ms","logger_name":"com.netflix.eureka.registry.AbstractInstanceRegistry","thread_name":"Eureka-EvictionTimer","level":"INFO","level_value":20000}
{"@timestamp":"2026-01-03T12:14:13.6774917+05:30","@version":"1","message":"Running the evict task with compensationTime 13ms","logger_name":"com.netflix.eureka.registry.AbstractInstanceRegistry","thread_name":"Eureka-EvictionTimer","level":"INFO","level_value":20000}
{"@timestamp":"2026-01-03T12:14:50.2630526+05:30","@version":"1","message":"The replica size seems to be empty. Check the route 53 DNS Registry","logger_name":"com.netflix.eureka.cluster.PeerEurekaNodes","thread_name":"Eureka-PeerNodesUpdater","level":"WARN","level_value":30000}
{"@timestamp":"2026-01-03T12:15:13.7008265+05:30","@version":"1","message":"Running the evict task with compensationTime 23ms","logger_name":"com.netflix.eureka.registry.AbstractInstanceRegistry","thread_name":"Eureka-EvictionTimer","level":"INFO","level_value":20000}
{"@timestamp":"2026-01-03T12:16:13.7016388+05:30","@version":"1","message":"Running the evict task with compensationTime 0ms","logger_name":"com.netflix.eureka.registry.AbstractInstanceRegistry","thread_name":"Eureka-EvictionTimer","level":"INFO","level_value":20000}
{"@timestamp":"2026-01-03T12:17:13.7137918+05:30","@version":"1","message":"Running the evict task with compensationTime 12ms","logger_name":"com.netflix.eureka.registry.AbstractInstanceRegistry","thread_name":"Eureka-EvictionTimer","level":"INFO","level_value":20000}
{"@timestamp":"2026-01-03T12:18:13.7166605+05:30","@version":"1","message":"Running the evict task with compensationTime 3ms","logger_name":"com.netflix.eureka.registry.AbstractInstanceRegistry","thread_name":"Eureka-EvictionTimer","level":"INFO","level_value":20000}
{"@timestamp":"2026-01-03T12:19:13.7299165+05:30","@version":"1","message":"Running the evict task with compensationTime 13ms","logger_name":"com.netflix.eureka.registry.AbstractInstanceRegistry","thread_name":"Eureka-EvictionTimer","level":"INFO","level_value":20000}
{"@timestamp":"2026-01-03T12:20:13.7417251+05:30","@version":"1","message":"Running the evict task with compensationTime 11ms","logger_name":"com.netflix.eureka.registry.AbstractInstanceRegistry","thread_name":"Eureka-EvictionTimer","level":"INFO","level_value":20000}
{"@timestamp":"2026-01-03T12:21:13.7539184+05:30","@version":"1","message":"Running the evict task with compensationTime 12ms","logger_name":"com.netflix.eureka.registry.AbstractInstanceRegistry","thread_name":"Eureka-EvictionTimer","level":"INFO","level_value":20000}
{"@timestamp":"2026-01-03T12:22:13.7632999+05:30","@version":"1","message":"Running the evict task with compensationTime 7ms","logger_name":"com.netflix.eureka.registry.AbstractInstanceRegistry","thread_name":"Eureka-EvictionTimer","level":"INFO","level_value":20000}
{"@timestamp":"2026-01-03T12:23:13.7782054+05:30","@version":"1","message":"Running the evict task with compensationTime 14ms","logger_name":"com.netflix.eureka.registry.AbstractInstanceRegistry","thread_name":"Eureka-EvictionTimer","level":"INFO","level_value":20000}
{"@timestamp":"2026-01-03T12:24:13.7779114+05:30","@version":"1","message":"Running the evict task with compensationTime 1ms","logger_name":"com.netflix.eureka.registry.AbstractInstanceRegistry","thread_name":"Eureka-EvictionTimer","level":"INFO","level_value":20000}
{"@timestamp":"2026-01-03T12:24:49.095067+05:30","@version":"1","message":"Current renewal threshold is : 0","logger_name":"com.netflix.eureka.registry.PeerAwareInstanceRegistryImpl","thread_name":"ReplicaAwareInstanceRegistry - RenewalThresholdUpdater","level":"INFO","level_value":20000}
{"@timestamp":"2026-01-03T12:24:50.3704427+05:30","@version":"1","message":"The replica size seems to be empty. Check the route 53 DNS Registry","logger_name":"com.netflix.eureka.cluster.PeerEurekaNodes","thread_name":"Eureka-PeerNodesUpdater","level":"WARN","level_value":30000}
{"@timestamp":"2026-01-03T12:25:13.7908506+05:30","@version":"1","message":"Running the evict task with compensationTime 12ms","logger_name":"com.netflix.eureka.registry.AbstractInstanceRegistry","thread_name":"Eureka-EvictionTimer","level":"INFO","level_value":20000}
{"@timestamp":"2026-01-03T12:26:13.7979758+05:30","@version":"1","message":"Running the evict task with compensationTime 5ms","logger_name":"com.netflix.eureka.registry.AbstractInstanceRegistry","thread_name":"Eureka-EvictionTimer","level":"INFO","level_value":20000}
{"@timestamp":"2026-01-03T12:27:13.8089309+05:30","@version":"1","message":"Running the evict task with compensationTime 13ms","logger_name":"com.netflix.eureka.registry.AbstractInstanceRegistry","thread_name":"Eureka-EvictionTimer","level":"INFO","level_value":20000}
{"@timestamp":"2026-01-03T12:28:13.8119269+05:30","@version":"1","message":"Running the evict task with compensationTime 0ms","logger_name":"com.netflix.eureka.registry.AbstractInstanceRegistry","thread_name":"Eureka-EvictionTimer","level":"INFO","level_value":20000}
{"@timestamp":"2026-01-03T12:29:13.8160559+05:30","@version":"1","message":"Running the evict task with compensationTime 4ms","logger_name":"com.netflix.eureka.registry.AbstractInstanceRegistry","thread_name":"Eureka-EvictionTimer","level":"INFO","level_value":20000}
{"@timestamp":"2026-01-03T12:30:13.8222576+05:30","@version":"1","message":"Running the evict task with compensationTime 6ms","logger_name":"com.netflix.eureka.registry.AbstractInstanceRegistry","thread_name":"Eureka-EvictionTimer","level":"INFO","level_value":20000}
{"@timestamp":"2026-01-03T12:31:13.8361389+05:30","@version":"1","message":"Running the evict task with compensationTime 14ms","logger_name":"com.netflix.eureka.registry.AbstractInstanceRegistry","thread_name":"Eureka-EvictionTimer","level":"INFO","level_value":20000}
{"@timestamp":"2026-01-03T12:32:13.8353173+05:30","@version":"1","message":"Running the evict task with compensationTime 0ms","logger_name":"com.netflix.eureka.registry.AbstractInstanceRegistry","thread_name":"Eureka-EvictionTimer","level":"INFO","level_value":20000}
{"@timestamp":"2026-01-03T12:33:13.8422148+05:30","@version":"1","message":"Running the evict task with compensationTime 7ms","logger_name":"com.netflix.eureka.registry.AbstractInstanceRegistry","thread_name":"Eureka-EvictionTimer","level":"INFO","level_value":20000}
{"@timestamp":"2026-01-03T12:34:13.8566012+05:30","@version":"1","message":"Running the evict task with compensationTime 14ms","logger_name":"com.netflix.eureka.registry.AbstractInstanceRegistry","thread_name":"Eureka-EvictionTimer","level":"INFO","level_value":20000}
{"@timestamp":"2026-01-03T12:34:50.5233909+05:30","@version":"1","message":"The replica size seems to be empty. Check the route 53 DNS Registry","logger_name":"com.netflix.eureka.cluster.PeerEurekaNodes","thread_name":"Eureka-PeerNodesUpdater","level":"WARN","level_value":30000}
{"@timestamp":"2026-01-03T12:35:13.8702848+05:30","@version":"1","message":"Running the evict task with compensationTime 12ms","logger_name":"com.netflix.eureka.registry.AbstractInstanceRegistry","thread_name":"Eureka-EvictionTimer","level":"INFO","level_value":20000}
{"@timestamp":"2026-01-03T12:36:13.88157+05:30","@version":"1","message":"Running the evict task with compensationTime 12ms","logger_name":"com.netflix.eureka.registry.AbstractInstanceRegistry","thread_name":"Eureka-EvictionTimer","level":"INFO","level_value":20000}
{"@timestamp":"2026-01-03T12:37:13.8951958+05:30","@version":"1","message":"Running the evict task with compensationTime 13ms","logger_name":"com.netflix.eureka.registry.AbstractInstanceRegistry","thread_name":"Eureka-EvictionTimer","level":"INFO","level_value":20000}
{"@timestamp":"2026-01-03T12:38:13.8962775+05:30","@version":"1","message":"Running the evict task with compensationTime 1ms","logger_name":"com.netflix.eureka.registry.AbstractInstanceRegistry","thread_name":"Eureka-EvictionTimer","level":"INFO","level_value":20000}
{"@timestamp":"2026-01-03T12:39:13.899712+05:30","@version":"1","message":"Running the evict task with compensationTime 3ms","logger_name":"com.netflix.eureka.registry.AbstractInstanceRegistry","thread_name":"Eureka-EvictionTimer","level":"INFO","level_value":20000}
{"@timestamp":"2026-01-03T12:39:49.0847937+05:30","@version":"1","message":"Current renewal threshold is : 0","logger_name":"com.netflix.eureka.registry.PeerAwareInstanceRegistryImpl","thread_name":"ReplicaAwareInstanceRegistry - RenewalThresholdUpdater","level":"INFO","level_value":20000}
{"@timestamp":"2026-01-03T12:40:13.9028786+05:30","@version":"1","message":"Running the evict task with compensationTime 2ms","logger_name":"com.netflix.eureka.registry.AbstractInstanceRegistry","thread_name":"Eureka-EvictionTimer","level":"INFO","level_value":20000}
{"@timestamp":"2026-01-03T12:41:13.9165568+05:30","@version":"1","message":"Running the evict task with compensationTime 13ms","logger_name":"com.netflix.eureka.registry.AbstractInstanceRegistry","thread_name":"Eureka-EvictionTimer","level":"INFO","level_value":20000}
{"@timestamp":"2026-01-03T12:45:41.0522352+05:30","@version":"1","message":"Running the evict task with compensationTime 207134ms","logger_name":"com.netflix.eureka.registry.AbstractInstanceRegistry","thread_name":"Eureka-EvictionTimer","level":"INFO","level_value":20000}
{"@timestamp":"2026-01-03T12:46:41.056769+05:30","@version":"1","message":"Running the evict task with compensationTime 5ms","logger_name":"com.netflix.eureka.registry.AbstractInstanceRegistry","thread_name":"Eureka-EvictionTimer","level":"INFO","level_value":20000}
{"@timestamp":"2026-01-03T12:47:41.0693021+05:30","@version":"1","message":"Running the evict task with compensationTime 12ms","logger_name":"com.netflix.eureka.registry.AbstractInstanceRegistry","thread_name":"Eureka-EvictionTimer","level":"INFO","level_value":20000}
{"@timestamp":"2026-01-03T12:48:17.6794124+05:30","@version":"1","message":"The replica size seems to be empty. Check the route 53 DNS Registry","logger_name":"com.netflix.eureka.cluster.PeerEurekaNodes","thread_name":"Eureka-PeerNodesUpdater","level":"WARN","level_value":30000}
{"@timestamp":"2026-01-03T12:48:41.0805462+05:30","@version":"1","message":"Running the evict task with compensationTime 10ms","logger_name":"com.netflix.eureka.registry.AbstractInstanceRegistry","thread_name":"Eureka-EvictionTimer","level":"INFO","level_value":20000}
{"@timestamp":"2026-01-03T12:49:41.0848699+05:30","@version":"1","message":"Running the evict task with compensationTime 5ms","logger_name":"com.netflix.eureka.registry.AbstractInstanceRegistry","thread_name":"Eureka-EvictionTimer","level":"INFO","level_value":20000}
{"@timestamp":"2026-01-03T12:51:46.0522085+05:30","@version":"1","message":"Running the evict task with compensationTime 64966ms","logger_name":"com.netflix.eureka.registry.AbstractInstanceRegistry","thread_name":"Eureka-EvictionTimer","level":"INFO","level_value":20000}
{"@timestamp":"2026-01-03T12:52:46.0699913+05:30","@version":"1","message":"Running the evict task with compensationTime 15ms","logger_name":"com.netflix.eureka.registry.AbstractInstanceRegistry","thread_name":"Eureka-EvictionTimer","level":"INFO","level_value":20000}
{"@timestamp":"2026-01-03T12:53:46.0681124+05:30","@version":"1","message":"Running the evict task with compensationTime 0ms","logger_name":"com.netflix.eureka.registry.AbstractInstanceRegistry","thread_name":"Eureka-EvictionTimer","level":"INFO","level_value":20000}
{"@timestamp":"2026-01-03T12:54:46.0688427+05:30","@version":"1","message":"Running the evict task with compensationTime 0ms","logger_name":"com.netflix.eureka.registry.AbstractInstanceRegistry","thread_name":"Eureka-EvictionTimer","level":"INFO","level_value":20000}
{"@timestamp":"2026-01-03T12:55:46.0774896+05:30","@version":"1","message":"Running the evict task with compensationTime 8ms","logger_name":"com.netflix.eureka.registry.AbstractInstanceRegistry","thread_name":"Eureka-EvictionTimer","level":"INFO","level_value":20000}
{"@timestamp":"2026-01-03T12:56:46.0925989+05:30","@version":"1","message":"Running the evict task with compensationTime 14ms","logger_name":"com.netflix.eureka.registry.AbstractInstanceRegistry","thread_name":"Eureka-EvictionTimer","level":"INFO","level_value":20000}
{"@timestamp":"2026-01-03T12:57:46.0994276+05:30","@version":"1","message":"Running the evict task with compensationTime 7ms","logger_name":"com.netflix.eureka.registry.AbstractInstanceRegistry","thread_name":"Eureka-EvictionTimer","level":"INFO","level_value":20000}
{"@timestamp":"2026-01-03T12:58:46.1100257+05:30","@version":"1","message":"Running the evict task with compensationTime 9ms","logger_name":"com.netflix.eureka.registry.AbstractInstanceRegistry","thread_name":"Eureka-EvictionTimer","level":"INFO","level_value":20000}
{"@timestamp":"2026-01-03T12:59:21.1779051+05:30","@version":"1","message":"Current renewal threshold is : 0","logger_name":"com.netflix.eureka.registry.PeerAwareInstanceRegistryImpl","thread_name":"ReplicaAwareInstanceRegistry - RenewalThresholdUpdater","level":"INFO","level_value":20000}
{"@timestamp":"2026-01-03T12:59:22.6541036+05:30","@version":"1","message":"The replica size seems to be empty. Check the route 53 DNS Registry","logger_name":"com.netflix.eureka.cluster.PeerEurekaNodes","thread_name":"Eureka-PeerNodesUpdater","level":"WARN","level_value":30000}
{"@timestamp":"2026-01-03T12:59:46.1156447+05:30","@version":"1","message":"Running the evict task with compensationTime 5ms","logger_name":"com.netflix.eureka.registry.AbstractInstanceRegistry","thread_name":"Eureka-EvictionTimer","level":"INFO","level_value":20000}
{"@timestamp":"2026-01-03T13:00:46.130616+05:30","@version":"1","message":"Running the evict task with compensationTime 15ms","logger_name":"com.netflix.eureka.registry.AbstractInstanceRegistry","thread_name":"Eureka-EvictionTimer","level":"INFO","level_value":20000}
{"@timestamp":"2026-01-03T13:01:46.1308629+05:30","@version":"1","message":"Running the evict task with compensationTime 0ms","logger_name":"com.netflix.eureka.registry.AbstractInstanceRegistry","thread_name":"Eureka-EvictionTimer","level":"INFO","level_value":20000}
{"@timestamp":"2026-01-03T13:02:46.1448148+05:30","@version":"1","message":"Running the evict task with compensationTime 13ms","logger_name":"com.netflix.eureka.registry.AbstractInstanceRegistry","thread_name":"Eureka-EvictionTimer","level":"INFO","level_value":20000}
{"@timestamp":"2026-01-03T13:03:46.151892+05:30","@version":"1","message":"Running the evict task with compensationTime 6ms","logger_name":"com.netflix.eureka.registry.AbstractInstanceRegistry","thread_name":"Eureka-EvictionTimer","level":"INFO","level_value":20000}
{"@timestamp":"2026-01-03T13:04:46.1510239+05:30","@version":"1","message":"Running the evict task with compensationTime 0ms","logger_name":"com.netflix.eureka.registry.AbstractInstanceRegistry","thread_name":"Eureka-EvictionTimer","level":"INFO","level_value":20000}
{"@timestamp":"2026-01-03T13:05:46.15419+05:30","@version":"1","message":"Running the evict task with compensationTime 1ms","logger_name":"com.netflix.eureka.registry.AbstractInstanceRegistry","thread_name":"Eureka-EvictionTimer","level":"INFO","level_value":20000}
{"@timestamp":"2026-01-03T13:06:46.1620091+05:30","@version":"1","message":"Running the evict task with compensationTime 7ms","logger_name":"com.netflix.eureka.registry.AbstractInstanceRegistry","thread_name":"Eureka-EvictionTimer","level":"INFO","level_value":20000}
{"@timestamp":"2026-01-03T13:07:46.1599498+05:30","@version":"1","message":"Running the evict task with compensationTime 0ms","logger_name":"com.netflix.eureka.registry.AbstractInstanceRegistry","thread_name":"Eureka-EvictionTimer","level":"INFO","level_value":20000}
{"@timestamp":"2026-01-03T13:08:46.1607927+05:30","@version":"1","message":"Running the evict task with compensationTime 0ms","logger_name":"com.netflix.eureka.registry.AbstractInstanceRegistry","thread_name":"Eureka-EvictionTimer","level":"INFO","level_value":20000}
{"@timestamp":"2026-01-03T13:09:22.6797807+05:30","@version":"1","message":"The replica size seems to be empty. Check the route 53 DNS Registry","logger_name":"com.netflix.eureka.cluster.PeerEurekaNodes","thread_name":"Eureka-PeerNodesUpdater","level":"WARN","level_value":30000}
{"@timestamp":"2026-01-03T13:09:46.1755067+05:30","@version":"1","message":"Running the evict task with compensationTime 14ms","logger_name":"com.netflix.eureka.registry.AbstractInstanceRegistry","thread_name":"Eureka-EvictionTimer","level":"INFO","level_value":20000}
{"@timestamp":"2026-01-03T13:10:46.1832559+05:30","@version":"1","message":"Running the evict task with compensationTime 7ms","logger_name":"com.netflix.eureka.registry.AbstractInstanceRegistry","thread_name":"Eureka-EvictionTimer","level":"INFO","level_value":20000}
{"@timestamp":"2026-01-03T13:11:46.1851088+05:30","@version":"1","message":"Running the evict task with compensationTime 2ms","logger_name":"com.netflix.eureka.registry.AbstractInstanceRegistry","thread_name":"Eureka-EvictionTimer","level":"INFO","level_value":20000}
{"@timestamp":"2026-01-03T13:11:46.9280956+05:30","@version":"1","message":"Restarting due to 1 class path change (0 additions, 1 deletion, 0 modifications)","logger_name":"org.springframework.boot.devtools.autoconfigure.LocalDevToolsAutoConfiguration$RestartingClassPathChangeChangedEventListener","thread_name":"File Watcher","level":"INFO","level_value":20000}
{"@timestamp":"2026-01-03T13:11:47.0630459+05:30","@version":"1","message":"Unregistering application SERVICEREGISTRY with eureka with status DOWN","logger_name":"org.springframework.cloud.netflix.eureka.serviceregistry.EurekaServiceRegistry","thread_name":"Thread-7","level":"INFO","level_value":20000}
{"@timestamp":"2026-01-03T13:11:47.5048426+05:30","@version":"1","message":"Commencing graceful shutdown. Waiting for active requests to complete","logger_name":"org.springframework.boot.web.embedded.tomcat.GracefulShutdown","thread_name":"Thread-7","level":"INFO","level_value":20000}
{"@timestamp":"2026-01-03T13:11:47.5515573+05:30","@version":"1","message":"Pausing ProtocolHandler [\"http-nio-8761\"]","logger_name":"org.apache.coyote.http11.Http11NioProtocol","thread_name":"tomcat-shutdown","level":"INFO","level_value":20000}
{"@timestamp":"2026-01-03T13:11:47.6393928+05:30","@version":"1","message":"Graceful shutdown complete","logger_name":"org.springframework.boot.web.embedded.tomcat.GracefulShutdown","thread_name":"tomcat-shutdown","level":"INFO","level_value":20000}
{"@timestamp":"2026-01-03T13:11:47.6510712+05:30","@version":"1","message":"Stopping ProtocolHandler [\"http-nio-8761\"]","logger_name":"org.apache.coyote.http11.Http11NioProtocol","thread_name":"Thread-7","level":"INFO","level_value":20000}
{"@timestamp":"2026-01-03T13:11:49.5563831+05:30","@version":"1","message":"Shutting down Eureka Server..","logger_name":"org.springframework.cloud.netflix.eureka.server.EurekaServerBootstrap","thread_name":"Thread-7","level":"INFO","level_value":20000}
{"@timestamp":"2026-01-03T13:11:49.5597292+05:30","@version":"1","message":"Shutting down ...","logger_name":"com.netflix.eureka.DefaultEurekaServerContext","thread_name":"Thread-7","level":"INFO","level_value":20000}
{"@timestamp":"2026-01-03T13:11:49.5627347+05:30","@version":"1","message":"Shut down","logger_name":"com.netflix.eureka.DefaultEurekaServerContext","thread_name":"Thread-7","level":"INFO","level_value":20000}
{"@timestamp":"2026-01-03T13:11:49.5627347+05:30","@version":"1","message":"Eureka Service is now shutdown...","logger_name":"org.springframework.cloud.netflix.eureka.server.EurekaServerBootstrap","thread_name":"Thread-7","level":"INFO","level_value":20000}
{"@timestamp":"2026-01-03T13:11:49.5935721+05:30","@version":"1","message":"Shutting down ...","logger_name":"com.netflix.eureka.DefaultEurekaServerContext","thread_name":"Thread-7","level":"INFO","level_value":20000}
{"@timestamp":"2026-01-03T13:11:49.5935721+05:30","@version":"1","message":"Shut down","logger_name":"com.netflix.eureka.DefaultEurekaServerContext","thread_name":"Thread-7","level":"INFO","level_value":20000}
{"@timestamp":"2026-01-03T13:11:49.6644768+05:30","@version":"1","message":"Shutting down DiscoveryClient ...","logger_name":"com.netflix.discovery.DiscoveryClient","thread_name":"Thread-7","level":"INFO","level_value":20000}
{"@timestamp":"2026-01-03T13:11:49.6654946+05:30","@version":"1","message":"Completed shut down of DiscoveryClient","logger_name":"com.netflix.discovery.DiscoveryClient","thread_name":"Thread-7","level":"INFO","level_value":20000}
{"@timestamp":"2026-01-03T13:11:52.5364757+05:30","@version":"1","message":"Starting ServiceRegistryApplication using Java 23.0.2 with PID 26848 (D:\\practo\\Micro-Multi-Project\\ServiceRegistry\\target\\classes started by Ashutosh in D:\\practo\\Micro-Multi-Project)","logger_name":"com.service_registry.ServiceRegistryApplication","thread_name":"restartedMain","level":"INFO","level_value":20000}
{"@timestamp":"2026-01-03T13:11:52.5394852+05:30","@version":"1","message":"No active profile set, falling back to 1 default profile: \"default\"","logger_name":"com.service_registry.ServiceRegistryApplication","thread_name":"restartedMain","level":"INFO","level_value":20000}
{"@timestamp":"2026-01-03T13:11:56.4479841+05:30","@version":"1","message":"BeanFactory id=ab99ed09-d273-3831-bbd6-650bea4e8f72","logger_name":"org.springframework.cloud.context.scope.GenericScope","thread_name":"restartedMain","level":"INFO","level_value":20000}
{"@timestamp":"2026-01-03T13:11:56.9621667+05:30","@version":"1","message":"Tomcat initialized with port 8761 (http)","logger_name":"org.springframework.boot.web.embedded.tomcat.TomcatWebServer","thread_name":"restartedMain","level":"INFO","level_value":20000}
{"@timestamp":"2026-01-03T13:11:56.9683374+05:30","@version":"1","message":"Initializing ProtocolHandler [\"http-nio-8761\"]","logger_name":"org.apache.coyote.http11.Http11NioProtocol","thread_name":"restartedMain","level":"INFO","level_value":20000}
{"@timestamp":"2026-01-03T13:11:56.9693362+05:30","@version":"1","message":"Starting service [Tomcat]","logger_name":"org.apache.catalina.core.StandardService","thread_name":"restartedMain","level":"INFO","level_value":20000}
{"@timestamp":"2026-01-03T13:11:56.9693362+05:30","@version":"1","message":"Starting Servlet engine: [Apache Tomcat/10.1.36]","logger_name":"org.apache.catalina.core.StandardEngine","thread_name":"restartedMain","level":"INFO","level_value":20000}
{"@timestamp":"2026-01-03T13:11:57.1067868+05:30","@version":"1","message":"Initializing Spring embedded WebApplicationContext","logger_name":"org.apache.catalina.core.ContainerBase.[Tomcat].[localhost].[/]","thread_name":"restartedMain","level":"INFO","level_value":20000}
{"@timestamp":"2026-01-03T13:11:57.1067868+05:30","@version":"1","message":"Root WebApplicationContext: initialization completed in 4526 ms","logger_name":"org.springframework.boot.web.servlet.context.ServletWebServerApplicationContext","thread_name":"restartedMain","level":"INFO","level_value":20000}
{"@timestamp":"2026-01-03T13:11:58.9498932+05:30","@version":"1","message":"Using JSON encoding codec LegacyJacksonJson","logger_name":"com.netflix.discovery.provider.DiscoveryJerseyProvider","thread_name":"restartedMain","level":"INFO","level_value":20000}
{"@timestamp":"2026-01-03T13:11:58.9503983+05:30","@version":"1","message":"Using JSON decoding codec LegacyJacksonJson","logger_name":"com.netflix.discovery.provider.DiscoveryJerseyProvider","thread_name":"restartedMain","level":"INFO","level_value":20000}
{"@timestamp":"2026-01-03T13:11:58.9503983+05:30","@version":"1","message":"Using XML encoding codec XStreamXml","logger_name":"com.netflix.discovery.provider.DiscoveryJerseyProvider","thread_name":"restartedMain","level":"INFO","level_value":20000}
{"@timestamp":"2026-01-03T13:11:58.9503983+05:30","@version":"1","message":"Using XML decoding codec XStreamXml","logger_name":"com.netflix.discovery.provider.DiscoveryJerseyProvider","thread_name":"restartedMain","level":"INFO","level_value":20000}
{"@timestamp":"2026-01-03T13:11:59.3645646+05:30","@version":"1","message":"Failed to set up a Bean Validation provider: jakarta.validation.NoProviderFoundException: Unable to create a Configuration, because no Jakarta Bean Validation provider could be found. Add a provider like Hibernate Validator (RI) to your classpath.","logger_name":"org.springframework.validation.beanvalidation.OptionalValidatorFactoryBean","thread_name":"restartedMain","level":"INFO","level_value":20000}
{"@timestamp":"2026-01-03T13:12:00.326159+05:30","@version":"1","message":"LiveReload server is running on port 35729","logger_name":"org.springframework.boot.devtools.autoconfigure.OptionalLiveReloadServer","thread_name":"restartedMain","level":"INFO","level_value":20000}
{"@timestamp":"2026-01-03T13:12:00.4825328+05:30","@version":"1","message":"Spring Cloud LoadBalancer is currently working with the default cache. While this cache implementation is useful for development and tests, it's recommended to use Caffeine cache in production.You can switch to using Caffeine cache, by adding it and org.springframework.cache.caffeine.CaffeineCacheManager to the classpath.","logger_name":"org.springframework.cloud.loadbalancer.config.LoadBalancerCacheAutoConfiguration$LoadBalancerCaffeineWarnLogger","thread_name":"restartedMain","level":"WARN","level_value":30000}
{"@timestamp":"2026-01-03T13:12:00.5010265+05:30","@version":"1","message":"Setting initial instance status as: STARTING","logger_name":"org.springframework.cloud.netflix.eureka.InstanceInfoFactory","thread_name":"restartedMain","level":"INFO","level_value":20000}
{"@timestamp":"2026-01-03T13:12:00.5050269+05:30","@version":"1","message":"Initializing Eureka in region us-east-1","logger_name":"com.netflix.discovery.DiscoveryClient","thread_name":"restartedMain","level":"INFO","level_value":20000}
{"@timestamp":"2026-01-03T13:12:00.5059637+05:30","@version":"1","message":"Client configured to neither register nor query for data.","logger_name":"com.netflix.discovery.DiscoveryClient","thread_name":"restartedMain","level":"INFO","level_value":20000}
{"@timestamp":"2026-01-03T13:12:00.5059637+05:30","@version":"1","message":"Discovery Client initialized at timestamp 1767426120505 with initial instances count: 0","logger_name":"com.netflix.discovery.DiscoveryClient","thread_name":"restartedMain","level":"INFO","level_value":20000}
{"@timestamp":"2026-01-03T13:12:00.5249699+05:30","@version":"1","message":"Initializing ...","logger_name":"com.netflix.eureka.DefaultEurekaServerContext","thread_name":"restartedMain","level":"INFO","level_value":20000}
{"@timestamp":"2026-01-03T13:12:00.5264837+05:30","@version":"1","message":"The replica size seems to be empty. Check the route 53 DNS Registry","logger_name":"com.netflix.eureka.cluster.PeerEurekaNodes","thread_name":"restartedMain","level":"WARN","level_value":30000}
{"@timestamp":"2026-01-03T13:12:00.5274842+05:30","@version":"1","message":"Finished initializing remote region registries. All known remote regions: []","logger_name":"com.netflix.eureka.registry.AbstractInstanceRegistry","thread_name":"restartedMain","level":"INFO","level_value":20000}
{"@timestamp":"2026-01-03T13:12:00.5274842+05:30","@version":"1","message":"Initialized","logger_name":"com.netflix.eureka.DefaultEurekaServerContext","thread_name":"restartedMain","level":"INFO","level_value":20000}
{"@timestamp":"2026-01-03T13:12:00.5440118+05:30","@version":"1","message":"Exposing 18 endpoints beneath base path '/actuator'","logger_name":"org.springframework.boot.actuate.endpoint.web.EndpointLinksResolver","thread_name":"restartedMain","level":"INFO","level_value":20000}
{"@timestamp":"2026-01-03T13:12:00.6786319+05:30","@version":"1","message":"Registering application SERVICEREGISTRY with eureka with status UP","logger_name":"org.springframework.cloud.netflix.eureka.serviceregistry.EurekaServiceRegistry","thread_name":"restartedMain","level":"INFO","level_value":20000}
{"@timestamp":"2026-01-03T13:12:00.6827023+05:30","@version":"1","message":"Starting ProtocolHandler [\"http-nio-8761\"]","logger_name":"org.apache.coyote.http11.Http11NioProtocol","thread_name":"restartedMain","level":"INFO","level_value":20000}
{"@timestamp":"2026-01-03T13:12:00.6859901+05:30","@version":"1","message":"isAws returned false","logger_name":"org.springframework.cloud.netflix.eureka.server.EurekaServerBootstrap","thread_name":"Thread-28","level":"INFO","level_value":20000}
{"@timestamp":"2026-01-03T13:12:00.6859901+05:30","@version":"1","message":"Initialized server context","logger_name":"org.springframework.cloud.netflix.eureka.server.EurekaServerBootstrap","thread_name":"Thread-28","level":"INFO","level_value":20000}
{"@timestamp":"2026-01-03T13:12:00.6859901+05:30","@version":"1","message":"Got 1 instances from neighboring DS node","logger_name":"com.netflix.eureka.registry.PeerAwareInstanceRegistryImpl","thread_name":"Thread-28","level":"INFO","level_value":20000}
{"@timestamp":"2026-01-03T13:12:00.6859901+05:30","@version":"1","message":"Renew threshold is: 1","logger_name":"com.netflix.eureka.registry.PeerAwareInstanceRegistryImpl","thread_name":"Thread-28","level":"INFO","level_value":20000}
{"@timestamp":"2026-01-03T13:12:00.6869886+05:30","@version":"1","message":"Changing status to UP","logger_name":"com.netflix.eureka.registry.PeerAwareInstanceRegistryImpl","thread_name":"Thread-28","level":"INFO","level_value":20000}
{"@timestamp":"2026-01-03T13:12:00.6919159+05:30","@version":"1","message":"Started Eureka Server","logger_name":"org.springframework.cloud.netflix.eureka.server.EurekaServerInitializerConfiguration","thread_name":"Thread-28","level":"INFO","level_value":20000}
{"@timestamp":"2026-01-03T13:12:00.717514+05:30","@version":"1","message":"Tomcat started on port 8761 (http) with context path '/'","logger_name":"org.springframework.boot.web.embedded.tomcat.TomcatWebServer","thread_name":"restartedMain","level":"INFO","level_value":20000}
{"@timestamp":"2026-01-03T13:12:00.719531+05:30","@version":"1","message":"Updating port to 8761","logger_name":"org.springframework.cloud.netflix.eureka.serviceregistry.EurekaAutoServiceRegistration","thread_name":"restartedMain","level":"INFO","level_value":20000}
{"@timestamp":"2026-01-03T13:12:00.8528024+05:30","@version":"1","message":"Started ServiceRegistryApplication in 9.543 seconds (process running for 401031.427)","logger_name":"com.service_registry.ServiceRegistryApplication","thread_name":"restartedMain","level":"INFO","level_value":20000}
{"@timestamp":"2026-01-03T13:12:00.8654541+05:30","@version":"1","message":"Condition evaluation unchanged","logger_name":"org.springframework.boot.devtools.autoconfigure.ConditionEvaluationDeltaLoggingListener","thread_name":"restartedMain","level":"INFO","level_value":20000}
{"@timestamp":"2026-01-03T13:12:01.2977757+05:30","@version":"1","message":"Initializing Spring DispatcherServlet 'dispatcherServlet'","logger_name":"org.apache.catalina.core.ContainerBase.[Tomcat].[localhost].[/]","thread_name":"http-nio-8761-exec-2","level":"INFO","level_value":20000}
{"@timestamp":"2026-01-03T13:12:01.2977757+05:30","@version":"1","message":"Initializing Servlet 'dispatcherServlet'","logger_name":"org.springframework.web.servlet.DispatcherServlet","thread_name":"http-nio-8761-exec-2","level":"INFO","level_value":20000}
{"@timestamp":"2026-01-03T13:12:01.3007713+05:30","@version":"1","message":"Completed initialization in 3 ms","logger_name":"org.springframework.web.servlet.DispatcherServlet","thread_name":"http-nio-8761-exec-2","level":"INFO","level_value":20000}
{"@timestamp":"2026-01-03T13:12:01.4221468+05:30","@version":"1","message":"DS: Registry: lease doesn't exist, registering resource: APIGATEWAY - DESKTOP-CRHISEN.mshome.net:ApiGateway:3030","logger_name":"com.netflix.eureka.registry.AbstractInstanceRegistry","thread_name":"http-nio-8761-exec-1","level":"WARN","level_value":30000}
{"@timestamp":"2026-01-03T13:12:01.4221468+05:30","@version":"1","message":"Not Found (Renew): APIGATEWAY - DESKTOP-CRHISEN.mshome.net:ApiGateway:3030","logger_name":"com.netflix.eureka.resources.InstanceResource","thread_name":"http-nio-8761-exec-1","level":"WARN","level_value":30000}
{"@timestamp":"2026-01-03T13:12:01.767628+05:30","@version":"1","message":"Restarting due to 1 class path change (1 addition, 0 deletions, 0 modifications)","logger_name":"org.springframework.boot.devtools.autoconfigure.LocalDevToolsAutoConfiguration$RestartingClassPathChangeChangedEventListener","thread_name":"File Watcher","level":"INFO","level_value":20000}
{"@timestamp":"2026-01-03T13:12:01.7696277+05:30","@version":"1","message":"Unregistering application SERVICEREGISTRY with eureka with status DOWN","logger_name":"org.springframework.cloud.netflix.eureka.serviceregistry.EurekaServiceRegistry","thread_name":"Thread-16","level":"INFO","level_value":20000}
{"@timestamp":"2026-01-03T13:12:01.7706259+05:30","@version":"1","message":"Commencing graceful shutdown. Waiting for active requests to complete","logger_name":"org.springframework.boot.web.embedded.tomcat.GracefulShutdown","thread_name":"Thread-16","level":"INFO","level_value":20000}
{"@timestamp":"2026-01-03T13:12:01.7716297+05:30","@version":"1","message":"Pausing ProtocolHandler [\"http-nio-8761\"]","logger_name":"org.apache.coyote.http11.Http11NioProtocol","thread_name":"tomcat-shutdown","level":"INFO","level_value":20000}
{"@timestamp":"2026-01-03T13:12:01.7979304+05:30","@version":"1","message":"Graceful shutdown complete","logger_name":"org.springframework.boot.web.embedded.tomcat.GracefulShutdown","thread_name":"tomcat-shutdown","level":"INFO","level_value":20000}
{"@timestamp":"2026-01-03T13:12:01.7979304+05:30","@version":"1","message":"Stopping ProtocolHandler [\"http-nio-8761\"]","logger_name":"org.apache.coyote.http11.Http11NioProtocol","thread_name":"Thread-16","level":"INFO","level_value":20000}
{"@timestamp":"2026-01-03T13:12:01.8122283+05:30","@version":"1","message":"Shutting down Eureka Server..","logger_name":"org.springframework.cloud.netflix.eureka.server.EurekaServerBootstrap","thread_name":"Thread-16","level":"INFO","level_value":20000}
{"@timestamp":"2026-01-03T13:12:01.8132516+05:30","@version":"1","message":"Shutting down ...","logger_name":"com.netflix.eureka.DefaultEurekaServerContext","thread_name":"Thread-16","level":"INFO","level_value":20000}
{"@timestamp":"2026-01-03T13:12:01.8142489+05:30","@version":"1","message":"Shut down","logger_name":"com.netflix.eureka.DefaultEurekaServerContext","thread_name":"Thread-16","level":"INFO","level_value":20000}
{"@timestamp":"2026-01-03T13:12:01.8142489+05:30","@version":"1","message":"Eureka Service is now shutdown...","logger_name":"org.springframework.cloud.netflix.eureka.server.EurekaServerBootstrap","thread_name":"Thread-16","level":"INFO","level_value":20000}
{"@timestamp":"2026-01-03T13:12:01.8152535+05:30","@version":"1","message":"Shutting down ...","logger_name":"com.netflix.eureka.DefaultEurekaServerContext","thread_name":"Thread-16","level":"INFO","level_value":20000}
{"@timestamp":"2026-01-03T13:12:01.8162506+05:30","@version":"1","message":"Shut down","logger_name":"com.netflix.eureka.DefaultEurekaServerContext","thread_name":"Thread-16","level":"INFO","level_value":20000}
{"@timestamp":"2026-01-03T13:12:01.8218289+05:30","@version":"1","message":"Shutting down DiscoveryClient ...","logger_name":"com.netflix.discovery.DiscoveryClient","thread_name":"Thread-16","level":"INFO","level_value":20000}
{"@timestamp":"2026-01-03T13:12:01.8218289+05:30","@version":"1","message":"Completed shut down of DiscoveryClient","logger_name":"com.netflix.discovery.DiscoveryClient","thread_name":"Thread-16","level":"INFO","level_value":20000}
{"@timestamp":"2026-01-03T13:12:02.4478139+05:30","@version":"1","message":"Starting ServiceRegistryApplication using Java 23.0.2 with PID 26848 (D:\\practo\\Micro-Multi-Project\\ServiceRegistry\\target\\classes started by Ashutosh in D:\\practo\\Micro-Multi-Project)","logger_name":"com.service_registry.ServiceRegistryApplication","thread_name":"restartedMain","level":"INFO","level_value":20000}
{"@timestamp":"2026-01-03T13:12:02.4491964+05:30","@version":"1","message":"No active profile set, falling back to 1 default profile: \"default\"","logger_name":"com.service_registry.ServiceRegistryApplication","thread_name":"restartedMain","level":"INFO","level_value":20000}
{"@timestamp":"2026-01-03T13:12:04.3871923+05:30","@version":"1","message":"BeanFactory id=ab99ed09-d273-3831-bbd6-650bea4e8f72","logger_name":"org.springframework.cloud.context.scope.GenericScope","thread_name":"restartedMain","level":"INFO","level_value":20000}
{"@timestamp":"2026-01-03T13:12:04.8221001+05:30","@version":"1","message":"Tomcat initialized with port 8761 (http)","logger_name":"org.springframework.boot.web.embedded.tomcat.TomcatWebServer","thread_name":"restartedMain","level":"INFO","level_value":20000}
{"@timestamp":"2026-01-03T13:12:04.8241785+05:30","@version":"1","message":"Initializing ProtocolHandler [\"http-nio-8761\"]","logger_name":"org.apache.coyote.http11.Http11NioProtocol","thread_name":"restartedMain","level":"INFO","level_value":20000}
{"@timestamp":"2026-01-03T13:12:04.8262171+05:30","@version":"1","message":"Starting service [Tomcat]","logger_name":"org.apache.catalina.core.StandardService","thread_name":"restartedMain","level":"INFO","level_value":20000}
{"@timestamp":"2026-01-03T13:12:04.8272153+05:30","@version":"1","message":"Starting Servlet engine: [Apache Tomcat/10.1.36]","logger_name":"org.apache.catalina.core.StandardEngine","thread_name":"restartedMain","level":"INFO","level_value":20000}
{"@timestamp":"2026-01-03T13:12:04.9227269+05:30","@version":"1","message":"Initializing Spring embedded WebApplicationContext","logger_name":"org.apache.catalina.core.ContainerBase.[Tomcat].[localhost].[/]","thread_name":"restartedMain","level":"INFO","level_value":20000}
{"@timestamp":"2026-01-03T13:12:04.923234+05:30","@version":"1","message":"Root WebApplicationContext: initialization completed in 2469 ms","logger_name":"org.springframework.boot.web.servlet.context.ServletWebServerApplicationContext","thread_name":"restartedMain","level":"INFO","level_value":20000}
{"@timestamp":"2026-01-03T13:12:05.7571142+05:30","@version":"1","message":"Using JSON encoding codec LegacyJacksonJson","logger_name":"com.netflix.discovery.provider.DiscoveryJerseyProvider","thread_name":"restartedMain","level":"INFO","level_value":20000}
{"@timestamp":"2026-01-03T13:12:05.7582771+05:30","@version":"1","message":"Using JSON decoding codec LegacyJacksonJson","logger_name":"com.netflix.discovery.provider.DiscoveryJerseyProvider","thread_name":"restartedMain","level":"INFO","level_value":20000}
{"@timestamp":"2026-01-03T13:12:05.7582771+05:30","@version":"1","message":"Using XML encoding codec XStreamXml","logger_name":"com.netflix.discovery.provider.DiscoveryJerseyProvider","thread_name":"restartedMain","level":"INFO","level_value":20000}
{"@timestamp":"2026-01-03T13:12:05.7582771+05:30","@version":"1","message":"Using XML decoding codec XStreamXml","logger_name":"com.netflix.discovery.provider.DiscoveryJerseyProvider","thread_name":"restartedMain","level":"INFO","level_value":20000}
{"@timestamp":"2026-01-03T13:12:05.9719256+05:30","@version":"1","message":"Failed to set up a Bean Validation provider: jakarta.validation.NoProviderFoundException: Unable to create a Configuration, because no Jakarta Bean Validation provider could be found. Add a provider like Hibernate Validator (RI) to your classpath.","logger_name":"org.springframework.validation.beanvalidation.OptionalValidatorFactoryBean","thread_name":"restartedMain","level":"INFO","level_value":20000}
{"@timestamp":"2026-01-03T13:12:06.3593514+05:30","@version":"1","message":"LiveReload server is running on port 35729","logger_name":"org.springframework.boot.devtools.autoconfigure.OptionalLiveReloadServer","thread_name":"restartedMain","level":"INFO","level_value":20000}
{"@timestamp":"2026-01-03T13:12:06.410951+05:30","@version":"1","message":"Spring Cloud LoadBalancer is currently working with the default cache. While this cache implementation is useful for development and tests, it's recommended to use Caffeine cache in production.You can switch to using Caffeine cache, by adding it and org.springframework.cache.caffeine.CaffeineCacheManager to the classpath.","logger_name":"org.springframework.cloud.loadbalancer.config.LoadBalancerCacheAutoConfiguration$LoadBalancerCaffeineWarnLogger","thread_name":"restartedMain","level":"WARN","level_value":30000}
{"@timestamp":"2026-01-03T13:12:06.4214651+05:30","@version":"1","message":"Setting initial instance status as: STARTING","logger_name":"org.springframework.cloud.netflix.eureka.InstanceInfoFactory","thread_name":"restartedMain","level":"INFO","level_value":20000}
{"@timestamp":"2026-01-03T13:12:06.4214651+05:30","@version":"1","message":"Initializing Eureka in region us-east-1","logger_name":"com.netflix.discovery.DiscoveryClient","thread_name":"restartedMain","level":"INFO","level_value":20000}
{"@timestamp":"2026-01-03T13:12:06.4214651+05:30","@version":"1","message":"Client configured to neither register nor query for data.","logger_name":"com.netflix.discovery.DiscoveryClient","thread_name":"restartedMain","level":"INFO","level_value":20000}
{"@timestamp":"2026-01-03T13:12:06.4214651+05:30","@version":"1","message":"Discovery Client initialized at timestamp 1767426126421 with initial instances count: 0","logger_name":"com.netflix.discovery.DiscoveryClient","thread_name":"restartedMain","level":"INFO","level_value":20000}
{"@timestamp":"2026-01-03T13:12:06.423971+05:30","@version":"1","message":"Initializing ...","logger_name":"com.netflix.eureka.DefaultEurekaServerContext","thread_name":"restartedMain","level":"INFO","level_value":20000}
{"@timestamp":"2026-01-03T13:12:06.4244951+05:30","@version":"1","message":"The replica size seems to be empty. Check the route 53 DNS Registry","logger_name":"com.netflix.eureka.cluster.PeerEurekaNodes","thread_name":"restartedMain","level":"WARN","level_value":30000}
{"@timestamp":"2026-01-03T13:12:06.4244951+05:30","@version":"1","message":"Finished initializing remote region registries. All known remote regions: []","logger_name":"com.netflix.eureka.registry.AbstractInstanceRegistry","thread_name":"restartedMain","level":"INFO","level_value":20000}
{"@timestamp":"2026-01-03T13:12:06.4244951+05:30","@version":"1","message":"Initialized","logger_name":"com.netflix.eureka.DefaultEurekaServerContext","thread_name":"restartedMain","level":"INFO","level_value":20000}
{"@timestamp":"2026-01-03T13:12:06.4370157+05:30","@version":"1","message":"Exposing 18 endpoints beneath base path '/actuator'","logger_name":"org.springframework.boot.actuate.endpoint.web.EndpointLinksResolver","thread_name":"restartedMain","level":"INFO","level_value":20000}
{"@timestamp":"2026-01-03T13:12:06.5054495+05:30","@version":"1","message":"Registering application SERVICEREGISTRY with eureka with status UP","logger_name":"org.springframework.cloud.netflix.eureka.serviceregistry.EurekaServiceRegistry","thread_name":"restartedMain","level":"INFO","level_value":20000}
{"@timestamp":"2026-01-03T13:12:06.5099608+05:30","@version":"1","message":"Starting ProtocolHandler [\"http-nio-8761\"]","logger_name":"org.apache.coyote.http11.Http11NioProtocol","thread_name":"restartedMain","level":"INFO","level_value":20000}
{"@timestamp":"2026-01-03T13:12:06.5230807+05:30","@version":"1","message":"isAws returned false","logger_name":"org.springframework.cloud.netflix.eureka.server.EurekaServerBootstrap","thread_name":"Thread-41","level":"INFO","level_value":20000}
{"@timestamp":"2026-01-03T13:12:06.5230807+05:30","@version":"1","message":"Initialized server context","logger_name":"org.springframework.cloud.netflix.eureka.server.EurekaServerBootstrap","thread_name":"Thread-41","level":"INFO","level_value":20000}
{"@timestamp":"2026-01-03T13:12:06.5240881+05:30","@version":"1","message":"Got 1 instances from neighboring DS node","logger_name":"com.netflix.eureka.registry.PeerAwareInstanceRegistryImpl","thread_name":"Thread-41","level":"INFO","level_value":20000}
{"@timestamp":"2026-01-03T13:12:06.5240881+05:30","@version":"1","message":"Renew threshold is: 1","logger_name":"com.netflix.eureka.registry.PeerAwareInstanceRegistryImpl","thread_name":"Thread-41","level":"INFO","level_value":20000}
{"@timestamp":"2026-01-03T13:12:06.5240881+05:30","@version":"1","message":"Changing status to UP","logger_name":"com.netflix.eureka.registry.PeerAwareInstanceRegistryImpl","thread_name":"Thread-41","level":"INFO","level_value":20000}
{"@timestamp":"2026-01-03T13:12:06.5240881+05:30","@version":"1","message":"Started Eureka Server","logger_name":"org.springframework.cloud.netflix.eureka.server.EurekaServerInitializerConfiguration","thread_name":"Thread-41","level":"INFO","level_value":20000}
{"@timestamp":"2026-01-03T13:12:06.5396177+05:30","@version":"1","message":"Tomcat started on port 8761 (http) with context path '/'","logger_name":"org.springframework.boot.web.embedded.tomcat.TomcatWebServer","thread_name":"restartedMain","level":"INFO","level_value":20000}
{"@timestamp":"2026-01-03T13:12:06.5521871+05:30","@version":"1","message":"Updating port to 8761","logger_name":"org.springframework.cloud.netflix.eureka.serviceregistry.EurekaAutoServiceRegistration","thread_name":"restartedMain","level":"INFO","level_value":20000}
{"@timestamp":"2026-01-03T13:12:06.5983736+05:30","@version":"1","message":"Started ServiceRegistryApplication in 4.571 seconds (process running for 401037.172)","logger_name":"com.service_registry.ServiceRegistryApplication","thread_name":"restartedMain","level":"INFO","level_value":20000}
{"@timestamp":"2026-01-03T13:12:06.6056468+05:30","@version":"1","message":"Condition evaluation unchanged","logger_name":"org.springframework.boot.devtools.autoconfigure.ConditionEvaluationDeltaLoggingListener","thread_name":"restartedMain","level":"INFO","level_value":20000}
{"@timestamp":"2026-01-03T13:12:26.2807196+05:30","@version":"1","message":"Initializing Spring DispatcherServlet 'dispatcherServlet'","logger_name":"org.apache.catalina.core.ContainerBase.[Tomcat].[localhost].[/]","thread_name":"http-nio-8761-exec-1","level":"INFO","level_value":20000}
{"@timestamp":"2026-01-03T13:12:26.2807196+05:30","@version":"1","message":"Initializing Servlet 'dispatcherServlet'","logger_name":"org.springframework.web.servlet.DispatcherServlet","thread_name":"http-nio-8761-exec-1","level":"INFO","level_value":20000}
{"@timestamp":"2026-01-03T13:12:26.2832267+05:30","@version":"1","message":"Completed initialization in 3 ms","logger_name":"org.springframework.web.servlet.DispatcherServlet","thread_name":"http-nio-8761-exec-1","level":"INFO","level_value":20000}
{"@timestamp":"2026-01-03T13:12:26.3453913+05:30","@version":"1","message":"DS: Registry: lease doesn't exist, registering resource: PATIENT-SERVICE - Patient-Service:8909edc7-e4ff-4550-a1ef-937dec83bfef","logger_name":"com.netflix.eureka.registry.AbstractInstanceRegistry","thread_name":"http-nio-8761-exec-3","level":"WARN","level_value":30000}
{"@timestamp":"2026-01-03T13:12:26.3453913+05:30","@version":"1","message":"Not Found (Renew): PATIENT-SERVICE - Patient-Service:8909edc7-e4ff-4550-a1ef-937dec83bfef","logger_name":"com.netflix.eureka.resources.InstanceResource","thread_name":"http-nio-8761-exec-3","level":"WARN","level_value":30000}
{"@timestamp":"2026-01-03T13:12:26.4610342+05:30","@version":"1","message":"Registered instance PATIENT-SERVICE/Patient-Service:8909edc7-e4ff-4550-a1ef-937dec83bfef with status UP (replication=false)","logger_name":"com.netflix.eureka.registry.AbstractInstanceRegistry","thread_name":"http-nio-8761-exec-5","level":"INFO","level_value":20000}
{"@timestamp":"2026-01-03T13:12:28.7029987+05:30","@version":"1","message":"DS: Registry: lease doesn't exist, registering resource: DOCTOR-SERVICE - Doctor-Service:6347e625-a3f0-433a-b9fa-d9b816640ad7","logger_name":"com.netflix.eureka.registry.AbstractInstanceRegistry","thread_name":"http-nio-8761-exec-8","level":"WARN","level_value":30000}
{"@timestamp":"2026-01-03T13:12:28.704002+05:30","@version":"1","message":"Not Found (Renew): DOCTOR-SERVICE - Doctor-Service:6347e625-a3f0-433a-b9fa-d9b816640ad7","logger_name":"com.netflix.eureka.resources.InstanceResource","thread_name":"http-nio-8761-exec-8","level":"WARN","level_value":30000}
{"@timestamp":"2026-01-03T13:12:28.7754078+05:30","@version":"1","message":"Registered instance DOCTOR-SERVICE/Doctor-Service:6347e625-a3f0-433a-b9fa-d9b816640ad7 with status UP (replication=false)","logger_name":"com.netflix.eureka.registry.AbstractInstanceRegistry","thread_name":"http-nio-8761-exec-9","level":"INFO","level_value":20000}
{"@timestamp":"2026-01-03T13:12:31.5613149+05:30","@version":"1","message":"Registered instance APIGATEWAY/DESKTOP-CRHISEN.mshome.net:ApiGateway:3030 with status UP (replication=false)","logger_name":"com.netflix.eureka.registry.AbstractInstanceRegistry","thread_name":"http-nio-8761-exec-2","level":"INFO","level_value":20000}
{"@timestamp":"2026-01-03T13:13:06.5337579+05:30","@version":"1","message":"Running the evict task with compensationTime 0ms","logger_name":"com.netflix.eureka.registry.AbstractInstanceRegistry","thread_name":"Eureka-EvictionTimer","level":"INFO","level_value":20000}
{"@timestamp":"2026-01-03T13:14:06.5433107+05:30","@version":"1","message":"Running the evict task with compensationTime 9ms","logger_name":"com.netflix.eureka.registry.AbstractInstanceRegistry","thread_name":"Eureka-EvictionTimer","level":"INFO","level_value":20000}
{"@timestamp":"2026-01-03T13:15:06.5519344+05:30","@version":"1","message":"Running the evict task with compensationTime 8ms","logger_name":"com.netflix.eureka.registry.AbstractInstanceRegistry","thread_name":"Eureka-EvictionTimer","level":"INFO","level_value":20000}
{"@timestamp":"2026-01-03T13:16:06.551721+05:30","@version":"1","message":"Running the evict task with compensationTime 0ms","logger_name":"com.netflix.eureka.registry.AbstractInstanceRegistry","thread_name":"Eureka-EvictionTimer","level":"INFO","level_value":20000}
{"@timestamp":"2026-01-03T13:17:06.5752161+05:30","@version":"1","message":"Running the evict task with compensationTime 23ms","logger_name":"com.netflix.eureka.registry.AbstractInstanceRegistry","thread_name":"Eureka-EvictionTimer","level":"INFO","level_value":20000}
{"@timestamp":"2026-01-03T13:18:06.9448886+05:30","@version":"1","message":"Running the evict task with compensationTime 369ms","logger_name":"com.netflix.eureka.registry.AbstractInstanceRegistry","thread_name":"Eureka-EvictionTimer","level":"INFO","level_value":20000}
{"@timestamp":"2026-01-03T13:19:06.80623+05:30","@version":"1","message":"Running the evict task with compensationTime 0ms","logger_name":"com.netflix.eureka.registry.AbstractInstanceRegistry","thread_name":"Eureka-EvictionTimer","level":"INFO","level_value":20000}
{"@timestamp":"2026-01-03T13:20:06.8211337+05:30","@version":"1","message":"Running the evict task with compensationTime 15ms","logger_name":"com.netflix.eureka.registry.AbstractInstanceRegistry","thread_name":"Eureka-EvictionTimer","level":"INFO","level_value":20000}
{"@timestamp":"2026-01-03T13:21:06.8219608+05:30","@version":"1","message":"Running the evict task with compensationTime 0ms","logger_name":"com.netflix.eureka.registry.AbstractInstanceRegistry","thread_name":"Eureka-EvictionTimer","level":"INFO","level_value":20000}
{"@timestamp":"2026-01-03T13:22:06.4534701+05:30","@version":"1","message":"The replica size seems to be empty. Check the route 53 DNS Registry","logger_name":"com.netflix.eureka.cluster.PeerEurekaNodes","thread_name":"Eureka-PeerNodesUpdater","level":"WARN","level_value":30000}
{"@timestamp":"2026-01-03T13:22:06.8293125+05:30","@version":"1","message":"Running the evict task with compensationTime 7ms","logger_name":"com.netflix.eureka.registry.AbstractInstanceRegistry","thread_name":"Eureka-EvictionTimer","level":"INFO","level_value":20000}
{"@timestamp":"2026-01-03T13:22:51.5569431+05:30","@version":"1","message":"Registered instance APIGATEWAY/DESKTOP-CRHISEN.mshome.net:ApiGateway:3030 with status DOWN (replication=false)","logger_name":"com.netflix.eureka.registry.AbstractInstanceRegistry","thread_name":"http-nio-8761-exec-6","level":"INFO","level_value":20000}
{"@timestamp":"2026-01-03T13:22:55.2305169+05:30","@version":"1","message":"Cancelled instance APIGATEWAY/DESKTOP-CRHISEN.mshome.net:ApiGateway:3030 (replication=false)","logger_name":"com.netflix.eureka.registry.AbstractInstanceRegistry","thread_name":"http-nio-8761-exec-7","level":"INFO","level_value":20000}
{"@timestamp":"2026-01-03T13:22:58.9879183+05:30","@version":"1","message":"Registered instance APIGATEWAY/DESKTOP-CRHISEN.mshome.net:ApiGateway:3030 with status UP (replication=false)","logger_name":"com.netflix.eureka.registry.AbstractInstanceRegistry","thread_name":"http-nio-8761-exec-4","level":"INFO","level_value":20000}
{"@timestamp":"2026-01-03T13:23:00.3283639+05:30","@version":"1","message":"Registered instance APIGATEWAY/DESKTOP-CRHISEN.mshome.net:ApiGateway:3030 with status DOWN (replication=false)","logger_name":"com.netflix.eureka.registry.AbstractInstanceRegistry","thread_name":"http-nio-8761-exec-6","level":"INFO","level_value":20000}
{"@timestamp":"2026-01-03T13:23:03.3616859+05:30","@version":"1","message":"Cancelled instance APIGATEWAY/DESKTOP-CRHISEN.mshome.net:ApiGateway:3030 (replication=false)","logger_name":"com.netflix.eureka.registry.AbstractInstanceRegistry","thread_name":"http-nio-8761-exec-7","level":"INFO","level_value":20000}
{"@timestamp":"2026-01-03T13:23:04.5956436+05:30","@version":"1","message":"Registered instance APIGATEWAY/DESKTOP-CRHISEN.mshome.net:ApiGateway:3030 with status UP (replication=false)","logger_name":"com.netflix.eureka.registry.AbstractInstanceRegistry","thread_name":"http-nio-8761-exec-2","level":"INFO","level_value":20000}
{"@timestamp":"2026-01-03T13:23:06.8314968+05:30","@version":"1","message":"Running the evict task with compensationTime 1ms","logger_name":"com.netflix.eureka.registry.AbstractInstanceRegistry","thread_name":"Eureka-EvictionTimer","level":"INFO","level_value":20000}
{"@timestamp":"2026-01-03T13:23:26.2765042+05:30","@version":"1","message":"Registered instance PATIENT-SERVICE/Patient-Service:8909edc7-e4ff-4550-a1ef-937dec83bfef with status DOWN (replication=false)","logger_name":"com.netflix.eureka.registry.AbstractInstanceRegistry","thread_name":"http-nio-8761-exec-1","level":"INFO","level_value":20000}
{"@timestamp":"2026-01-03T13:23:31.4875224+05:30","@version":"1","message":"Cancelled instance PATIENT-SERVICE/Patient-Service:8909edc7-e4ff-4550-a1ef-937dec83bfef (replication=false)","logger_name":"com.netflix.eureka.registry.AbstractInstanceRegistry","thread_name":"http-nio-8761-exec-7","level":"INFO","level_value":20000}
{"@timestamp":"2026-01-03T13:24:06.8329958+05:30","@version":"1","message":"Running the evict task with compensationTime 1ms","logger_name":"com.netflix.eureka.registry.AbstractInstanceRegistry","thread_name":"Eureka-EvictionTimer","level":"INFO","level_value":20000}
{"@timestamp":"2026-01-03T13:24:11.44574+05:30","@version":"1","message":"Registered instance DOCTOR-SERVICE/Doctor-Service:6347e625-a3f0-433a-b9fa-d9b816640ad7 with status DOWN (replication=false)","logger_name":"com.netflix.eureka.registry.AbstractInstanceRegistry","thread_name":"http-nio-8761-exec-6","level":"INFO","level_value":20000}
{"@timestamp":"2026-01-03T13:24:17.2439849+05:30","@version":"1","message":"Cancelled instance DOCTOR-SERVICE/Doctor-Service:6347e625-a3f0-433a-b9fa-d9b816640ad7 (replication=false)","logger_name":"com.netflix.eureka.registry.AbstractInstanceRegistry","thread_name":"http-nio-8761-exec-7","level":"INFO","level_value":20000}
{"@timestamp":"2026-01-03T13:24:21.4842736+05:30","@version":"1","message":"Registered instance PATIENT-SERVICE/Patient-Service:37578eb1-f1a2-4a3a-bf9b-6f3384a65d88 with status UP (replication=false)","logger_name":"com.netflix.eureka.registry.AbstractInstanceRegistry","thread_name":"http-nio-8761-exec-2","level":"INFO","level_value":20000}
{"@timestamp":"2026-01-03T13:24:22.0196175+05:30","@version":"1","message":"Registered instance PATIENT-SERVICE/Patient-Service:37578eb1-f1a2-4a3a-bf9b-6f3384a65d88 with status DOWN (replication=false)","logger_name":"com.netflix.eureka.registry.AbstractInstanceRegistry","thread_name":"http-nio-8761-exec-1","level":"INFO","level_value":20000}
{"@timestamp":"2026-01-03T13:24:25.4734895+05:30","@version":"1","message":"Cancelled instance PATIENT-SERVICE/Patient-Service:37578eb1-f1a2-4a3a-bf9b-6f3384a65d88 (replication=false)","logger_name":"com.netflix.eureka.registry.AbstractInstanceRegistry","thread_name":"http-nio-8761-exec-4","level":"INFO","level_value":20000}
{"@timestamp":"2026-01-03T13:25:06.8399302+05:30","@version":"1","message":"Running the evict task with compensationTime 7ms","logger_name":"com.netflix.eureka.registry.AbstractInstanceRegistry","thread_name":"Eureka-EvictionTimer","level":"INFO","level_value":20000}
{"@timestamp":"2026-01-03T13:25:08.3910853+05:30","@version":"1","message":"Registered instance DOCTOR-SERVICE/Doctor-Service:517efd5c-6f10-4943-ba9e-1d49b24f64d5 with status UP (replication=false)","logger_name":"com.netflix.eureka.registry.AbstractInstanceRegistry","thread_name":"http-nio-8761-exec-2","level":"INFO","level_value":20000}
{"@timestamp":"2026-01-03T13:25:08.4896491+05:30","@version":"1","message":"Registered instance DOCTOR-SERVICE/Doctor-Service:517efd5c-6f10-4943-ba9e-1d49b24f64d5 with status DOWN (replication=false)","logger_name":"com.netflix.eureka.registry.AbstractInstanceRegistry","thread_name":"http-nio-8761-exec-1","level":"INFO","level_value":20000}
{"@timestamp":"2026-01-03T13:25:11.3106136+05:30","@version":"1","message":"Registered instance PATIENT-SERVICE/Patient-Service:abc1d5a3-9dc8-48c7-950a-f414839373c8 with status UP (replication=false)","logger_name":"com.netflix.eureka.registry.AbstractInstanceRegistry","thread_name":"http-nio-8761-exec-3","level":"INFO","level_value":20000}
{"@timestamp":"2026-01-03T13:25:11.7932344+05:30","@version":"1","message":"Cancelled instance DOCTOR-SERVICE/Doctor-Service:517efd5c-6f10-4943-ba9e-1d49b24f64d5 (replication=false)","logger_name":"com.netflix.eureka.registry.AbstractInstanceRegistry","thread_name":"http-nio-8761-exec-5","level":"INFO","level_value":20000}
{"@timestamp":"2026-01-03T13:25:55.5472972+05:30","@version":"1","message":"Registered instance DOCTOR-SERVICE/Doctor-Service:92b841d0-e485-4eb9-805d-983d157b4c33 with status UP (replication=false)","logger_name":"com.netflix.eureka.registry.AbstractInstanceRegistry","thread_name":"http-nio-8761-exec-5","level":"INFO","level_value":20000}
{"@timestamp":"2026-01-03T13:26:07.96665+05:30","@version":"1","message":"Running the evict task with compensationTime 1126ms","logger_name":"com.netflix.eureka.registry.AbstractInstanceRegistry","thread_name":"Eureka-EvictionTimer","level":"INFO","level_value":20000}
{"@timestamp":"2026-01-03T13:27:07.5568978+05:30","@version":"1","message":"Current renewal threshold is : 0","logger_name":"com.netflix.eureka.registry.PeerAwareInstanceRegistryImpl","thread_name":"ReplicaAwareInstanceRegistry - RenewalThresholdUpdater","level":"INFO","level_value":20000}
{"@timestamp":"2026-01-03T13:27:07.9687494+05:30","@version":"1","message":"Running the evict task with compensationTime 2ms","logger_name":"com.netflix.eureka.registry.AbstractInstanceRegistry","thread_name":"Eureka-EvictionTimer","level":"INFO","level_value":20000}
{"@timestamp":"2026-01-03T13:38:28.9197274+05:30","@version":"1","message":"Running the evict task with compensationTime 620950ms","logger_name":"com.netflix.eureka.registry.AbstractInstanceRegistry","thread_name":"Eureka-EvictionTimer","level":"INFO","level_value":20000}
{"@timestamp":"2026-01-03T13:39:28.928127+05:30","@version":"1","message":"Running the evict task with compensationTime 8ms","logger_name":"com.netflix.eureka.registry.AbstractInstanceRegistry","thread_name":"Eureka-EvictionTimer","level":"INFO","level_value":20000}
{"@timestamp":"2026-01-03T13:40:28.9397632+05:30","@version":"1","message":"Running the evict task with compensationTime 11ms","logger_name":"com.netflix.eureka.registry.AbstractInstanceRegistry","thread_name":"Eureka-EvictionTimer","level":"INFO","level_value":20000}
{"@timestamp":"2026-01-03T13:41:28.9495934+05:30","@version":"1","message":"Running the evict task with compensationTime 9ms","logger_name":"com.netflix.eureka.registry.AbstractInstanceRegistry","thread_name":"Eureka-EvictionTimer","level":"INFO","level_value":20000}
{"@timestamp":"2026-01-03T13:42:28.5505166+05:30","@version":"1","message":"The replica size seems to be empty. Check the route 53 DNS Registry","logger_name":"com.netflix.eureka.cluster.PeerEurekaNodes","thread_name":"Eureka-PeerNodesUpdater","level":"WARN","level_value":30000}
{"@timestamp":"2026-01-03T13:42:28.9498944+05:30","@version":"1","message":"Running the evict task with compensationTime 0ms","logger_name":"com.netflix.eureka.registry.AbstractInstanceRegistry","thread_name":"Eureka-EvictionTimer","level":"INFO","level_value":20000}
{"@timestamp":"2026-01-03T13:43:28.9576032+05:30","@version":"1","message":"Running the evict task with compensationTime 7ms","logger_name":"com.netflix.eureka.registry.AbstractInstanceRegistry","thread_name":"Eureka-EvictionTimer","level":"INFO","level_value":20000}
{"@timestamp":"2026-01-03T13:44:28.9585578+05:30","@version":"1","message":"Running the evict task with compensationTime 0ms","logger_name":"com.netflix.eureka.registry.AbstractInstanceRegistry","thread_name":"Eureka-EvictionTimer","level":"INFO","level_value":20000}
{"@timestamp":"2026-01-03T13:45:28.9600336+05:30","@version":"1","message":"Running the evict task with compensationTime 1ms","logger_name":"com.netflix.eureka.registry.AbstractInstanceRegistry","thread_name":"Eureka-EvictionTimer","level":"INFO","level_value":20000}
{"@timestamp":"2026-01-03T13:46:28.9720562+05:30","@version":"1","message":"Running the evict task with compensationTime 12ms","logger_name":"com.netflix.eureka.registry.AbstractInstanceRegistry","thread_name":"Eureka-EvictionTimer","level":"INFO","level_value":20000}
{"@timestamp":"2026-01-03T13:47:28.9793615+05:30","@version":"1","message":"Running the evict task with compensationTime 7ms","logger_name":"com.netflix.eureka.registry.AbstractInstanceRegistry","thread_name":"Eureka-EvictionTimer","level":"INFO","level_value":20000}
{"@timestamp":"2026-01-03T13:48:28.9948469+05:30","@version":"1","message":"Running the evict task with compensationTime 15ms","logger_name":"com.netflix.eureka.registry.AbstractInstanceRegistry","thread_name":"Eureka-EvictionTimer","level":"INFO","level_value":20000}
{"@timestamp":"2026-01-03T13:49:29.0052551+05:30","@version":"1","message":"Running the evict task with compensationTime 10ms","logger_name":"com.netflix.eureka.registry.AbstractInstanceRegistry","thread_name":"Eureka-EvictionTimer","level":"INFO","level_value":20000}
{"@timestamp":"2026-01-03T13:50:29.0059164+05:30","@version":"1","message":"Running the evict task with compensationTime 0ms","logger_name":"com.netflix.eureka.registry.AbstractInstanceRegistry","thread_name":"Eureka-EvictionTimer","level":"INFO","level_value":20000}
{"@timestamp":"2026-01-03T13:51:29.0093776+05:30","@version":"1","message":"Running the evict task with compensationTime 3ms","logger_name":"com.netflix.eureka.registry.AbstractInstanceRegistry","thread_name":"Eureka-EvictionTimer","level":"INFO","level_value":20000}
{"@timestamp":"2026-01-03T13:52:28.5168262+05:30","@version":"1","message":"Current renewal threshold is : 0","logger_name":"com.netflix.eureka.registry.PeerAwareInstanceRegistryImpl","thread_name":"ReplicaAwareInstanceRegistry - RenewalThresholdUpdater","level":"INFO","level_value":20000}
{"@timestamp":"2026-01-03T13:52:28.5567872+05:30","@version":"1","message":"The replica size seems to be empty. Check the route 53 DNS Registry","logger_name":"com.netflix.eureka.cluster.PeerEurekaNodes","thread_name":"Eureka-PeerNodesUpdater","level":"WARN","level_value":30000}
{"@timestamp":"2026-01-03T13:52:29.0245632+05:30","@version":"1","message":"Running the evict task with compensationTime 15ms","logger_name":"com.netflix.eureka.registry.AbstractInstanceRegistry","thread_name":"Eureka-EvictionTimer","level":"INFO","level_value":20000}
{"@timestamp":"2026-01-03T13:53:29.0336082+05:30","@version":"1","message":"Running the evict task with compensationTime 8ms","logger_name":"com.netflix.eureka.registry.AbstractInstanceRegistry","thread_name":"Eureka-EvictionTimer","level":"INFO","level_value":20000}
{"@timestamp":"2026-01-03T13:54:29.0421759+05:30","@version":"1","message":"Running the evict task with compensationTime 8ms","logger_name":"com.netflix.eureka.registry.AbstractInstanceRegistry","thread_name":"Eureka-EvictionTimer","level":"INFO","level_value":20000}
{"@timestamp":"2026-01-03T13:55:29.0513443+05:30","@version":"1","message":"Running the evict task with compensationTime 9ms","logger_name":"com.netflix.eureka.registry.AbstractInstanceRegistry","thread_name":"Eureka-EvictionTimer","level":"INFO","level_value":20000}
{"@timestamp":"2026-01-03T13:56:29.0517297+05:30","@version":"1","message":"Running the evict task with compensationTime 0ms","logger_name":"com.netflix.eureka.registry.AbstractInstanceRegistry","thread_name":"Eureka-EvictionTimer","level":"INFO","level_value":20000}
{"@timestamp":"2026-01-03T13:57:29.0515256+05:30","@version":"1","message":"Running the evict task with compensationTime 0ms","logger_name":"com.netflix.eureka.registry.AbstractInstanceRegistry","thread_name":"Eureka-EvictionTimer","level":"INFO","level_value":20000}
{"@timestamp":"2026-01-03T13:58:29.0515997+05:30","@version":"1","message":"Running the evict task with compensationTime 0ms","logger_name":"com.netflix.eureka.registry.AbstractInstanceRegistry","thread_name":"Eureka-EvictionTimer","level":"INFO","level_value":20000}
{"@timestamp":"2026-01-03T13:59:29.0520387+05:30","@version":"1","message":"Running the evict task with compensationTime 0ms","logger_name":"com.netflix.eureka.registry.AbstractInstanceRegistry","thread_name":"Eureka-EvictionTimer","level":"INFO","level_value":20000}
{"@timestamp":"2026-01-03T14:00:29.0556803+05:30","@version":"1","message":"Running the evict task with compensationTime 4ms","logger_name":"com.netflix.eureka.registry.AbstractInstanceRegistry","thread_name":"Eureka-EvictionTimer","level":"INFO","level_value":20000}
{"@timestamp":"2026-01-03T14:01:29.0554962+05:30","@version":"1","message":"Running the evict task with compensationTime 0ms","logger_name":"com.netflix.eureka.registry.AbstractInstanceRegistry","thread_name":"Eureka-EvictionTimer","level":"INFO","level_value":20000}
{"@timestamp":"2026-01-03T14:02:28.5792975+05:30","@version":"1","message":"The replica size seems to be empty. Check the route 53 DNS Registry","logger_name":"com.netflix.eureka.cluster.PeerEurekaNodes","thread_name":"Eureka-PeerNodesUpdater","level":"WARN","level_value":30000}
{"@timestamp":"2026-01-03T14:02:29.0637818+05:30","@version":"1","message":"Running the evict task with compensationTime 8ms","logger_name":"com.netflix.eureka.registry.AbstractInstanceRegistry","thread_name":"Eureka-EvictionTimer","level":"INFO","level_value":20000}
{"@timestamp":"2026-01-03T14:03:29.0794029+05:30","@version":"1","message":"Running the evict task with compensationTime 15ms","logger_name":"com.netflix.eureka.registry.AbstractInstanceRegistry","thread_name":"Eureka-EvictionTimer","level":"INFO","level_value":20000}
{"@timestamp":"2026-01-03T14:04:29.0831892+05:30","@version":"1","message":"Running the evict task with compensationTime 3ms","logger_name":"com.netflix.eureka.registry.AbstractInstanceRegistry","thread_name":"Eureka-EvictionTimer","level":"INFO","level_value":20000}
{"@timestamp":"2026-01-03T14:05:29.0857825+05:30","@version":"1","message":"Running the evict task with compensationTime 2ms","logger_name":"com.netflix.eureka.registry.AbstractInstanceRegistry","thread_name":"Eureka-EvictionTimer","level":"INFO","level_value":20000}
{"@timestamp":"2026-01-03T14:06:29.0960074+05:30","@version":"1","message":"Running the evict task with compensationTime 9ms","logger_name":"com.netflix.eureka.registry.AbstractInstanceRegistry","thread_name":"Eureka-EvictionTimer","level":"INFO","level_value":20000}
{"@timestamp":"2026-01-03T14:07:28.5283738+05:30","@version":"1","message":"Current renewal threshold is : 0","logger_name":"com.netflix.eureka.registry.PeerAwareInstanceRegistryImpl","thread_name":"ReplicaAwareInstanceRegistry - RenewalThresholdUpdater","level":"INFO","level_value":20000}
{"@timestamp":"2026-01-03T14:07:29.1033974+05:30","@version":"1","message":"Running the evict task with compensationTime 7ms","logger_name":"com.netflix.eureka.registry.AbstractInstanceRegistry","thread_name":"Eureka-EvictionTimer","level":"INFO","level_value":20000}
{"@timestamp":"2026-01-03T14:08:29.1147609+05:30","@version":"1","message":"Running the evict task with compensationTime 11ms","logger_name":"com.netflix.eureka.registry.AbstractInstanceRegistry","thread_name":"Eureka-EvictionTimer","level":"INFO","level_value":20000}
{"@timestamp":"2026-01-03T14:09:29.1217435+05:30","@version":"1","message":"Running the evict task with compensationTime 6ms","logger_name":"com.netflix.eureka.registry.AbstractInstanceRegistry","thread_name":"Eureka-EvictionTimer","level":"INFO","level_value":20000}
{"@timestamp":"2026-01-03T14:10:29.1242475+05:30","@version":"1","message":"Running the evict task with compensationTime 2ms","logger_name":"com.netflix.eureka.registry.AbstractInstanceRegistry","thread_name":"Eureka-EvictionTimer","level":"INFO","level_value":20000}
{"@timestamp":"2026-01-03T14:11:29.1280517+05:30","@version":"1","message":"Running the evict task with compensationTime 3ms","logger_name":"com.netflix.eureka.registry.AbstractInstanceRegistry","thread_name":"Eureka-EvictionTimer","level":"INFO","level_value":20000}
{"@timestamp":"2026-01-03T14:12:28.6079299+05:30","@version":"1","message":"The replica size seems to be empty. Check the route 53 DNS Registry","logger_name":"com.netflix.eureka.cluster.PeerEurekaNodes","thread_name":"Eureka-PeerNodesUpdater","level":"WARN","level_value":30000}
{"@timestamp":"2026-01-03T14:12:29.1348327+05:30","@version":"1","message":"Running the evict task with compensationTime 6ms","logger_name":"com.netflix.eureka.registry.AbstractInstanceRegistry","thread_name":"Eureka-EvictionTimer","level":"INFO","level_value":20000}
{"@timestamp":"2026-01-03T14:13:29.1432999+05:30","@version":"1","message":"Running the evict task with compensationTime 8ms","logger_name":"com.netflix.eureka.registry.AbstractInstanceRegistry","thread_name":"Eureka-EvictionTimer","level":"INFO","level_value":20000}
{"@timestamp":"2026-01-03T14:14:29.1526546+05:30","@version":"1","message":"Running the evict task with compensationTime 9ms","logger_name":"com.netflix.eureka.registry.AbstractInstanceRegistry","thread_name":"Eureka-EvictionTimer","level":"INFO","level_value":20000}
{"@timestamp":"2026-01-03T14:15:29.154091+05:30","@version":"1","message":"Running the evict task with compensationTime 1ms","logger_name":"com.netflix.eureka.registry.AbstractInstanceRegistry","thread_name":"Eureka-EvictionTimer","level":"INFO","level_value":20000}
{"@timestamp":"2026-01-03T14:16:29.1695984+05:30","@version":"1","message":"Running the evict task with compensationTime 15ms","logger_name":"com.netflix.eureka.registry.AbstractInstanceRegistry","thread_name":"Eureka-EvictionTimer","level":"INFO","level_value":20000}
{"@timestamp":"2026-01-03T14:17:29.1760968+05:30","@version":"1","message":"Running the evict task with compensationTime 6ms","logger_name":"com.netflix.eureka.registry.AbstractInstanceRegistry","thread_name":"Eureka-EvictionTimer","level":"INFO","level_value":20000}
{"@timestamp":"2026-01-03T14:18:29.1815704+05:30","@version":"1","message":"Running the evict task with compensationTime 5ms","logger_name":"com.netflix.eureka.registry.AbstractInstanceRegistry","thread_name":"Eureka-EvictionTimer","level":"INFO","level_value":20000}
{"@timestamp":"2026-01-03T14:19:29.1912867+05:30","@version":"1","message":"Running the evict task with compensationTime 9ms","logger_name":"com.netflix.eureka.registry.AbstractInstanceRegistry","thread_name":"Eureka-EvictionTimer","level":"INFO","level_value":20000}
{"@timestamp":"2026-01-03T14:20:29.1942865+05:30","@version":"1","message":"Running the evict task with compensationTime 3ms","logger_name":"com.netflix.eureka.registry.AbstractInstanceRegistry","thread_name":"Eureka-EvictionTimer","level":"INFO","level_value":20000}
{"@timestamp":"2026-01-03T14:21:29.2047668+05:30","@version":"1","message":"Running the evict task with compensationTime 10ms","logger_name":"com.netflix.eureka.registry.AbstractInstanceRegistry","thread_name":"Eureka-EvictionTimer","level":"INFO","level_value":20000}
{"@timestamp":"2026-01-03T14:22:28.5495131+05:30","@version":"1","message":"Current renewal threshold is : 0","logger_name":"com.netflix.eureka.registry.PeerAwareInstanceRegistryImpl","thread_name":"ReplicaAwareInstanceRegistry - RenewalThresholdUpdater","level":"INFO","level_value":20000}
{"@timestamp":"2026-01-03T14:22:28.6148586+05:30","@version":"1","message":"The replica size seems to be empty. Check the route 53 DNS Registry","logger_name":"com.netflix.eureka.cluster.PeerEurekaNodes","thread_name":"Eureka-PeerNodesUpdater","level":"WARN","level_value":30000}
{"@timestamp":"2026-01-03T14:22:29.2183744+05:30","@version":"1","message":"Running the evict task with compensationTime 12ms","logger_name":"com.netflix.eureka.registry.AbstractInstanceRegistry","thread_name":"Eureka-EvictionTimer","level":"INFO","level_value":20000}
{"@timestamp":"2026-01-03T14:23:29.2343991+05:30","@version":"1","message":"Running the evict task with compensationTime 16ms","logger_name":"com.netflix.eureka.registry.AbstractInstanceRegistry","thread_name":"Eureka-EvictionTimer","level":"INFO","level_value":20000}
{"@timestamp":"2026-01-03T14:24:29.2352801+05:30","@version":"1","message":"Running the evict task with compensationTime 0ms","logger_name":"com.netflix.eureka.registry.AbstractInstanceRegistry","thread_name":"Eureka-EvictionTimer","level":"INFO","level_value":20000}
{"@timestamp":"2026-01-03T14:25:29.2488197+05:30","@version":"1","message":"Running the evict task with compensationTime 13ms","logger_name":"com.netflix.eureka.registry.AbstractInstanceRegistry","thread_name":"Eureka-EvictionTimer","level":"INFO","level_value":20000}
{"@timestamp":"2026-01-03T14:26:29.250185+05:30","@version":"1","message":"Running the evict task with compensationTime 1ms","logger_name":"com.netflix.eureka.registry.AbstractInstanceRegistry","thread_name":"Eureka-EvictionTimer","level":"INFO","level_value":20000}
{"@timestamp":"2026-01-03T14:27:29.2513554+05:30","@version":"1","message":"Running the evict task with compensationTime 1ms","logger_name":"com.netflix.eureka.registry.AbstractInstanceRegistry","thread_name":"Eureka-EvictionTimer","level":"INFO","level_value":20000}
{"@timestamp":"2026-01-03T14:28:29.2515824+05:30","@version":"1","message":"Running the evict task with compensationTime 0ms","logger_name":"com.netflix.eureka.registry.AbstractInstanceRegistry","thread_name":"Eureka-EvictionTimer","level":"INFO","level_value":20000}
{"@timestamp":"2026-01-03T14:29:29.2613914+05:30","@version":"1","message":"Running the evict task with compensationTime 9ms","logger_name":"com.netflix.eureka.registry.AbstractInstanceRegistry","thread_name":"Eureka-EvictionTimer","level":"INFO","level_value":20000}
{"@timestamp":"2026-01-03T14:30:29.2683383+05:30","@version":"1","message":"Running the evict task with compensationTime 6ms","logger_name":"com.netflix.eureka.registry.AbstractInstanceRegistry","thread_name":"Eureka-EvictionTimer","level":"INFO","level_value":20000}
{"@timestamp":"2026-01-03T14:31:29.2761712+05:30","@version":"1","message":"Running the evict task with compensationTime 8ms","logger_name":"com.netflix.eureka.registry.AbstractInstanceRegistry","thread_name":"Eureka-EvictionTimer","level":"INFO","level_value":20000}
{"@timestamp":"2026-01-03T14:32:28.6450196+05:30","@version":"1","message":"The replica size seems to be empty. Check the route 53 DNS Registry","logger_name":"com.netflix.eureka.cluster.PeerEurekaNodes","thread_name":"Eureka-PeerNodesUpdater","level":"WARN","level_value":30000}
{"@timestamp":"2026-01-03T14:32:29.2827778+05:30","@version":"1","message":"Running the evict task with compensationTime 6ms","logger_name":"com.netflix.eureka.registry.AbstractInstanceRegistry","thread_name":"Eureka-EvictionTimer","level":"INFO","level_value":20000}
{"@timestamp":"2026-01-03T14:33:29.2839907+05:30","@version":"1","message":"Running the evict task with compensationTime 1ms","logger_name":"com.netflix.eureka.registry.AbstractInstanceRegistry","thread_name":"Eureka-EvictionTimer","level":"INFO","level_value":20000}
{"@timestamp":"2026-01-03T14:34:29.2872592+05:30","@version":"1","message":"Running the evict task with compensationTime 2ms","logger_name":"com.netflix.eureka.registry.AbstractInstanceRegistry","thread_name":"Eureka-EvictionTimer","level":"INFO","level_value":20000}
{"@timestamp":"2026-01-03T14:35:29.3008944+05:30","@version":"1","message":"Running the evict task with compensationTime 13ms","logger_name":"com.netflix.eureka.registry.AbstractInstanceRegistry","thread_name":"Eureka-EvictionTimer","level":"INFO","level_value":20000}
{"@timestamp":"2026-01-03T14:36:29.3104587+05:30","@version":"1","message":"Running the evict task with compensationTime 8ms","logger_name":"com.netflix.eureka.registry.AbstractInstanceRegistry","thread_name":"Eureka-EvictionTimer","level":"INFO","level_value":20000}
{"@timestamp":"2026-01-03T14:37:28.5564168+05:30","@version":"1","message":"Current renewal threshold is : 0","logger_name":"com.netflix.eureka.registry.PeerAwareInstanceRegistryImpl","thread_name":"ReplicaAwareInstanceRegistry - RenewalThresholdUpdater","level":"INFO","level_value":20000}
{"@timestamp":"2026-01-03T14:37:29.3162908+05:30","@version":"1","message":"Running the evict task with compensationTime 6ms","logger_name":"com.netflix.eureka.registry.AbstractInstanceRegistry","thread_name":"Eureka-EvictionTimer","level":"INFO","level_value":20000}
{"@timestamp":"2026-01-03T14:38:29.3280153+05:30","@version":"1","message":"Running the evict task with compensationTime 11ms","logger_name":"com.netflix.eureka.registry.AbstractInstanceRegistry","thread_name":"Eureka-EvictionTimer","level":"INFO","level_value":20000}
{"@timestamp":"2026-01-03T14:39:29.3329091+05:30","@version":"1","message":"Running the evict task with compensationTime 5ms","logger_name":"com.netflix.eureka.registry.AbstractInstanceRegistry","thread_name":"Eureka-EvictionTimer","level":"INFO","level_value":20000}
{"@timestamp":"2026-01-03T14:40:29.3332595+05:30","@version":"1","message":"Running the evict task with compensationTime 0ms","logger_name":"com.netflix.eureka.registry.AbstractInstanceRegistry","thread_name":"Eureka-EvictionTimer","level":"INFO","level_value":20000}
{"@timestamp":"2026-01-03T14:41:29.3450321+05:30","@version":"1","message":"Running the evict task with compensationTime 11ms","logger_name":"com.netflix.eureka.registry.AbstractInstanceRegistry","thread_name":"Eureka-EvictionTimer","level":"INFO","level_value":20000}
{"@timestamp":"2026-01-03T14:42:28.673874+05:30","@version":"1","message":"The replica size seems to be empty. Check the route 53 DNS Registry","logger_name":"com.netflix.eureka.cluster.PeerEurekaNodes","thread_name":"Eureka-PeerNodesUpdater","level":"WARN","level_value":30000}
{"@timestamp":"2026-01-03T14:42:29.3561832+05:30","@version":"1","message":"Running the evict task with compensationTime 11ms","logger_name":"com.netflix.eureka.registry.AbstractInstanceRegistry","thread_name":"Eureka-EvictionTimer","level":"INFO","level_value":20000}
{"@timestamp":"2026-01-03T14:43:29.3567695+05:30","@version":"1","message":"Running the evict task with compensationTime 0ms","logger_name":"com.netflix.eureka.registry.AbstractInstanceRegistry","thread_name":"Eureka-EvictionTimer","level":"INFO","level_value":20000}
{"@timestamp":"2026-01-03T14:44:29.3588921+05:30","@version":"1","message":"Running the evict task with compensationTime 1ms","logger_name":"com.netflix.eureka.registry.AbstractInstanceRegistry","thread_name":"Eureka-EvictionTimer","level":"INFO","level_value":20000}
{"@timestamp":"2026-01-03T18:03:44.6725689+05:30","@version":"1","message":"Running the evict task with compensationTime 11895313ms","logger_name":"com.netflix.eureka.registry.AbstractInstanceRegistry","thread_name":"Eureka-EvictionTimer","level":"INFO","level_value":20000}
{"@timestamp":"2026-01-03T19:02:52.68165+05:30","@version":"1","message":"Running the evict task with compensationTime 3493072ms","logger_name":"com.netflix.eureka.registry.AbstractInstanceRegistry","thread_name":"Eureka-EvictionTimer","level":"INFO","level_value":20000}
{"@timestamp":"2026-01-03T19:03:52.6751364+05:30","@version":"1","message":"Running the evict task with compensationTime 2ms","logger_name":"com.netflix.eureka.registry.AbstractInstanceRegistry","thread_name":"Eureka-EvictionTimer","level":"INFO","level_value":20000}
{"@timestamp":"2026-01-03T19:04:52.6861284+05:30","@version":"1","message":"Running the evict task with compensationTime 8ms","logger_name":"com.netflix.eureka.registry.AbstractInstanceRegistry","thread_name":"Eureka-EvictionTimer","level":"INFO","level_value":20000}
{"@timestamp":"2026-01-03T19:05:52.6953242+05:30","@version":"1","message":"Running the evict task with compensationTime 11ms","logger_name":"com.netflix.eureka.registry.AbstractInstanceRegistry","thread_name":"Eureka-EvictionTimer","level":"INFO","level_value":20000}
{"@timestamp":"2026-01-03T19:06:52.7081454+05:30","@version":"1","message":"Running the evict task with compensationTime 13ms","logger_name":"com.netflix.eureka.registry.AbstractInstanceRegistry","thread_name":"Eureka-EvictionTimer","level":"INFO","level_value":20000}
{"@timestamp":"2026-01-03T19:07:52.7101935+05:30","@version":"1","message":"Running the evict task with compensationTime 1ms","logger_name":"com.netflix.eureka.registry.AbstractInstanceRegistry","thread_name":"Eureka-EvictionTimer","level":"INFO","level_value":20000}
{"@timestamp":"2026-01-03T19:08:51.8568234+05:30","@version":"1","message":"Current renewal threshold is : 0","logger_name":"com.netflix.eureka.registry.PeerAwareInstanceRegistryImpl","thread_name":"ReplicaAwareInstanceRegistry - RenewalThresholdUpdater","level":"INFO","level_value":20000}
{"@timestamp":"2026-01-03T19:08:51.9646984+05:30","@version":"1","message":"The replica size seems to be empty. Check the route 53 DNS Registry","logger_name":"com.netflix.eureka.cluster.PeerEurekaNodes","thread_name":"Eureka-PeerNodesUpdater","level":"WARN","level_value":30000}
{"@timestamp":"2026-01-03T19:08:52.7160289+05:30","@version":"1","message":"Running the evict task with compensationTime 6ms","logger_name":"com.netflix.eureka.registry.AbstractInstanceRegistry","thread_name":"Eureka-EvictionTimer","level":"INFO","level_value":20000}
{"@timestamp":"2026-01-03T19:09:52.783682+05:30","@version":"1","message":"Running the evict task with compensationTime 67ms","logger_name":"com.netflix.eureka.registry.AbstractInstanceRegistry","thread_name":"Eureka-EvictionTimer","level":"INFO","level_value":20000}
{"@timestamp":"2026-01-03T19:10:52.7953459+05:30","@version":"1","message":"Running the evict task with compensationTime 11ms","logger_name":"com.netflix.eureka.registry.AbstractInstanceRegistry","thread_name":"Eureka-EvictionTimer","level":"INFO","level_value":20000}
{"@timestamp":"2026-01-03T19:11:52.8062611+05:30","@version":"1","message":"Running the evict task with compensationTime 11ms","logger_name":"com.netflix.eureka.registry.AbstractInstanceRegistry","thread_name":"Eureka-EvictionTimer","level":"INFO","level_value":20000}
{"@timestamp":"2026-01-03T19:12:52.8182485+05:30","@version":"1","message":"Running the evict task with compensationTime 12ms","logger_name":"com.netflix.eureka.registry.AbstractInstanceRegistry","thread_name":"Eureka-EvictionTimer","level":"INFO","level_value":20000}
{"@timestamp":"2026-01-03T19:13:52.8213257+05:30","@version":"1","message":"Running the evict task with compensationTime 2ms","logger_name":"com.netflix.eureka.registry.AbstractInstanceRegistry","thread_name":"Eureka-EvictionTimer","level":"INFO","level_value":20000}
{"@timestamp":"2026-01-03T19:14:52.8354035+05:30","@version":"1","message":"Running the evict task with compensationTime 14ms","logger_name":"com.netflix.eureka.registry.AbstractInstanceRegistry","thread_name":"Eureka-EvictionTimer","level":"INFO","level_value":20000}
{"@timestamp":"2026-01-03T19:15:52.8485614+05:30","@version":"1","message":"Running the evict task with compensationTime 13ms","logger_name":"com.netflix.eureka.registry.AbstractInstanceRegistry","thread_name":"Eureka-EvictionTimer","level":"INFO","level_value":20000}
{"@timestamp":"2026-01-03T19:16:52.8492224+05:30","@version":"1","message":"Running the evict task with compensationTime 0ms","logger_name":"com.netflix.eureka.registry.AbstractInstanceRegistry","thread_name":"Eureka-EvictionTimer","level":"INFO","level_value":20000}
{"@timestamp":"2026-01-03T19:17:52.8500904+05:30","@version":"1","message":"Running the evict task with compensationTime 0ms","logger_name":"com.netflix.eureka.registry.AbstractInstanceRegistry","thread_name":"Eureka-EvictionTimer","level":"INFO","level_value":20000}
{"@timestamp":"2026-01-03T19:18:52.0056743+05:30","@version":"1","message":"The replica size seems to be empty. Check the route 53 DNS Registry","logger_name":"com.netflix.eureka.cluster.PeerEurekaNodes","thread_name":"Eureka-PeerNodesUpdater","level":"WARN","level_value":30000}
{"@timestamp":"2026-01-03T19:18:52.8513771+05:30","@version":"1","message":"Running the evict task with compensationTime 1ms","logger_name":"com.netflix.eureka.registry.AbstractInstanceRegistry","thread_name":"Eureka-EvictionTimer","level":"INFO","level_value":20000}
{"@timestamp":"2026-01-03T19:19:52.863559+05:30","@version":"1","message":"Running the evict task with compensationTime 10ms","logger_name":"com.netflix.eureka.registry.AbstractInstanceRegistry","thread_name":"Eureka-EvictionTimer","level":"INFO","level_value":20000}
{"@timestamp":"2026-01-03T19:20:52.8703612+05:30","@version":"1","message":"Running the evict task with compensationTime 0ms","logger_name":"com.netflix.eureka.registry.AbstractInstanceRegistry","thread_name":"Eureka-EvictionTimer","level":"INFO","level_value":20000}
{"@timestamp":"2026-01-03T19:21:52.8785347+05:30","@version":"1","message":"Running the evict task with compensationTime 1ms","logger_name":"com.netflix.eureka.registry.AbstractInstanceRegistry","thread_name":"Eureka-EvictionTimer","level":"INFO","level_value":20000}
{"@timestamp":"2026-01-03T19:22:52.8974242+05:30","@version":"1","message":"Running the evict task with compensationTime 12ms","logger_name":"com.netflix.eureka.registry.AbstractInstanceRegistry","thread_name":"Eureka-EvictionTimer","level":"INFO","level_value":20000}
{"@timestamp":"2026-01-03T19:23:51.8775423+05:30","@version":"1","message":"Current renewal threshold is : 0","logger_name":"com.netflix.eureka.registry.PeerAwareInstanceRegistryImpl","thread_name":"ReplicaAwareInstanceRegistry - RenewalThresholdUpdater","level":"INFO","level_value":20000}
{"@timestamp":"2026-01-03T19:23:52.90444+05:30","@version":"1","message":"Running the evict task with compensationTime 0ms","logger_name":"com.netflix.eureka.registry.AbstractInstanceRegistry","thread_name":"Eureka-EvictionTimer","level":"INFO","level_value":20000}
{"@timestamp":"2026-01-03T19:24:52.9111004+05:30","@version":"1","message":"Running the evict task with compensationTime 0ms","logger_name":"com.netflix.eureka.registry.AbstractInstanceRegistry","thread_name":"Eureka-EvictionTimer","level":"INFO","level_value":20000}
{"@timestamp":"2026-01-03T19:25:52.9180464+05:30","@version":"1","message":"Running the evict task with compensationTime 0ms","logger_name":"com.netflix.eureka.registry.AbstractInstanceRegistry","thread_name":"Eureka-EvictionTimer","level":"INFO","level_value":20000}
{"@timestamp":"2026-01-03T19:26:52.9258344+05:30","@version":"1","message":"Running the evict task with compensationTime 0ms","logger_name":"com.netflix.eureka.registry.AbstractInstanceRegistry","thread_name":"Eureka-EvictionTimer","level":"INFO","level_value":20000}
{"@timestamp":"2026-01-03T19:27:52.9333477+05:30","@version":"1","message":"Running the evict task with compensationTime 0ms","logger_name":"com.netflix.eureka.registry.AbstractInstanceRegistry","thread_name":"Eureka-EvictionTimer","level":"INFO","level_value":20000}
{"@timestamp":"2026-01-03T19:28:52.0935897+05:30","@version":"1","message":"The replica size seems to be empty. Check the route 53 DNS Registry","logger_name":"com.netflix.eureka.cluster.PeerEurekaNodes","thread_name":"Eureka-PeerNodesUpdater","level":"WARN","level_value":30000}
{"@timestamp":"2026-01-03T19:28:52.9410372+05:30","@version":"1","message":"Running the evict task with compensationTime 0ms","logger_name":"com.netflix.eureka.registry.AbstractInstanceRegistry","thread_name":"Eureka-EvictionTimer","level":"INFO","level_value":20000}
{"@timestamp":"2026-01-03T19:56:51.3201101+05:30","@version":"1","message":"Running the evict task with compensationTime 1618375ms","logger_name":"com.netflix.eureka.registry.AbstractInstanceRegistry","thread_name":"Eureka-EvictionTimer","level":"INFO","level_value":20000}
{"@timestamp":"2026-01-03T19:57:51.3183225+05:30","@version":"1","message":"Running the evict task with compensationTime 0ms","logger_name":"com.netflix.eureka.registry.AbstractInstanceRegistry","thread_name":"Eureka-EvictionTimer","level":"INFO","level_value":20000}
{"@timestamp":"2026-01-03T19:58:51.318868+05:30","@version":"1","message":"Running the evict task with compensationTime 0ms","logger_name":"com.netflix.eureka.registry.AbstractInstanceRegistry","thread_name":"Eureka-EvictionTimer","level":"INFO","level_value":20000}
{"@timestamp":"2026-01-03T19:59:51.3194026+05:30","@version":"1","message":"Running the evict task with compensationTime 0ms","logger_name":"com.netflix.eureka.registry.AbstractInstanceRegistry","thread_name":"Eureka-EvictionTimer","level":"INFO","level_value":20000}
{"@timestamp":"2026-01-03T20:00:51.318253+05:30","@version":"1","message":"Running the evict task with compensationTime 0ms","logger_name":"com.netflix.eureka.registry.AbstractInstanceRegistry","thread_name":"Eureka-EvictionTimer","level":"INFO","level_value":20000}
{"@timestamp":"2026-01-03T20:06:48.9278043+05:30","@version":"1","message":"Running the evict task with compensationTime 297610ms","logger_name":"com.netflix.eureka.registry.AbstractInstanceRegistry","thread_name":"Eureka-EvictionTimer","level":"INFO","level_value":20000}
{"@timestamp":"2026-01-03T20:08:13.5330416+05:30","@version":"1","message":"Running the evict task with compensationTime 24603ms","logger_name":"com.netflix.eureka.registry.AbstractInstanceRegistry","thread_name":"Eureka-EvictionTimer","level":"INFO","level_value":20000}
{"@timestamp":"2026-01-03T20:09:13.5329189+05:30","@version":"1","message":"Running the evict task with compensationTime 0ms","logger_name":"com.netflix.eureka.registry.AbstractInstanceRegistry","thread_name":"Eureka-EvictionTimer","level":"INFO","level_value":20000}
{"@timestamp":"2026-01-03T20:10:13.533085+05:30","@version":"1","message":"Running the evict task with compensationTime 0ms","logger_name":"com.netflix.eureka.registry.AbstractInstanceRegistry","thread_name":"Eureka-EvictionTimer","level":"INFO","level_value":20000}
{"@timestamp":"2026-01-03T20:11:12.4609778+05:30","@version":"1","message":"Current renewal threshold is : 0","logger_name":"com.netflix.eureka.registry.PeerAwareInstanceRegistryImpl","thread_name":"ReplicaAwareInstanceRegistry - RenewalThresholdUpdater","level":"INFO","level_value":20000}
{"@timestamp":"2026-01-03T20:11:12.6517323+05:30","@version":"1","message":"The replica size seems to be empty. Check the route 53 DNS Registry","logger_name":"com.netflix.eureka.cluster.PeerEurekaNodes","thread_name":"Eureka-PeerNodesUpdater","level":"WARN","level_value":30000}
{"@timestamp":"2026-01-03T20:11:13.5333256+05:30","@version":"1","message":"Running the evict task with compensationTime 0ms","logger_name":"com.netflix.eureka.registry.AbstractInstanceRegistry","thread_name":"Eureka-EvictionTimer","level":"INFO","level_value":20000}
{"@timestamp":"2026-01-03T20:12:13.5337361+05:30","@version":"1","message":"Running the evict task with compensationTime 0ms","logger_name":"com.netflix.eureka.registry.AbstractInstanceRegistry","thread_name":"Eureka-EvictionTimer","level":"INFO","level_value":20000}
{"@timestamp":"2026-01-03T20:13:13.5375565+05:30","@version":"1","message":"Running the evict task with compensationTime 3ms","logger_name":"com.netflix.eureka.registry.AbstractInstanceRegistry","thread_name":"Eureka-EvictionTimer","level":"INFO","level_value":20000}
{"@timestamp":"2026-01-03T20:14:13.5405882+05:30","@version":"1","message":"Running the evict task with compensationTime 3ms","logger_name":"com.netflix.eureka.registry.AbstractInstanceRegistry","thread_name":"Eureka-EvictionTimer","level":"INFO","level_value":20000}
{"@timestamp":"2026-01-03T20:15:13.5480399+05:30","@version":"1","message":"Running the evict task with compensationTime 7ms","logger_name":"com.netflix.eureka.registry.AbstractInstanceRegistry","thread_name":"Eureka-EvictionTimer","level":"INFO","level_value":20000}
{"@timestamp":"2026-01-03T20:16:13.5537838+05:30","@version":"1","message":"Running the evict task with compensationTime 5ms","logger_name":"com.netflix.eureka.registry.AbstractInstanceRegistry","thread_name":"Eureka-EvictionTimer","level":"INFO","level_value":20000}
{"@timestamp":"2026-01-03T20:17:13.5605071+05:30","@version":"1","message":"Running the evict task with compensationTime 6ms","logger_name":"com.netflix.eureka.registry.AbstractInstanceRegistry","thread_name":"Eureka-EvictionTimer","level":"INFO","level_value":20000}
{"@timestamp":"2026-01-03T20:18:13.5729781+05:30","@version":"1","message":"Running the evict task with compensationTime 12ms","logger_name":"com.netflix.eureka.registry.AbstractInstanceRegistry","thread_name":"Eureka-EvictionTimer","level":"INFO","level_value":20000}
{"@timestamp":"2026-01-03T20:19:13.5720636+05:30","@version":"1","message":"Running the evict task with compensationTime 0ms","logger_name":"com.netflix.eureka.registry.AbstractInstanceRegistry","thread_name":"Eureka-EvictionTimer","level":"INFO","level_value":20000}
{"@timestamp":"2026-01-03T20:20:13.5738975+05:30","@version":"1","message":"Running the evict task with compensationTime 1ms","logger_name":"com.netflix.eureka.registry.AbstractInstanceRegistry","thread_name":"Eureka-EvictionTimer","level":"INFO","level_value":20000}
{"@timestamp":"2026-01-03T20:21:12.6913924+05:30","@version":"1","message":"The replica size seems to be empty. Check the route 53 DNS Registry","logger_name":"com.netflix.eureka.cluster.PeerEurekaNodes","thread_name":"Eureka-PeerNodesUpdater","level":"WARN","level_value":30000}
{"@timestamp":"2026-01-03T20:21:13.5738141+05:30","@version":"1","message":"Running the evict task with compensationTime 0ms","logger_name":"com.netflix.eureka.registry.AbstractInstanceRegistry","thread_name":"Eureka-EvictionTimer","level":"INFO","level_value":20000}
{"@timestamp":"2026-01-03T20:22:13.5831375+05:30","@version":"1","message":"Running the evict task with compensationTime 9ms","logger_name":"com.netflix.eureka.registry.AbstractInstanceRegistry","thread_name":"Eureka-EvictionTimer","level":"INFO","level_value":20000}
{"@timestamp":"2026-01-03T20:23:13.5919437+05:30","@version":"1","message":"Running the evict task with compensationTime 8ms","logger_name":"com.netflix.eureka.registry.AbstractInstanceRegistry","thread_name":"Eureka-EvictionTimer","level":"INFO","level_value":20000}
{"@timestamp":"2026-01-03T20:24:13.5986471+05:30","@version":"1","message":"Running the evict task with compensationTime 6ms","logger_name":"com.netflix.eureka.registry.AbstractInstanceRegistry","thread_name":"Eureka-EvictionTimer","level":"INFO","level_value":20000}
{"@timestamp":"2026-01-03T20:25:13.6226405+05:30","@version":"1","message":"Running the evict task with compensationTime 24ms","logger_name":"com.netflix.eureka.registry.AbstractInstanceRegistry","thread_name":"Eureka-EvictionTimer","level":"INFO","level_value":20000}
{"@timestamp":"2026-01-03T20:26:12.4402064+05:30","@version":"1","message":"Current renewal threshold is : 0","logger_name":"com.netflix.eureka.registry.PeerAwareInstanceRegistryImpl","thread_name":"ReplicaAwareInstanceRegistry - RenewalThresholdUpdater","level":"INFO","level_value":20000}
{"@timestamp":"2026-01-03T20:26:13.6228563+05:30","@version":"1","message":"Running the evict task with compensationTime 0ms","logger_name":"com.netflix.eureka.registry.AbstractInstanceRegistry","thread_name":"Eureka-EvictionTimer","level":"INFO","level_value":20000}
{"@timestamp":"2026-01-03T20:27:13.623628+05:30","@version":"1","message":"Running the evict task with compensationTime 1ms","logger_name":"com.netflix.eureka.registry.AbstractInstanceRegistry","thread_name":"Eureka-EvictionTimer","level":"INFO","level_value":20000}
{"@timestamp":"2026-01-03T20:28:13.6343818+05:30","@version":"1","message":"Running the evict task with compensationTime 11ms","logger_name":"com.netflix.eureka.registry.AbstractInstanceRegistry","thread_name":"Eureka-EvictionTimer","level":"INFO","level_value":20000}
{"@timestamp":"2026-01-03T20:29:13.6373094+05:30","@version":"1","message":"Running the evict task with compensationTime 2ms","logger_name":"com.netflix.eureka.registry.AbstractInstanceRegistry","thread_name":"Eureka-EvictionTimer","level":"INFO","level_value":20000}
{"@timestamp":"2026-01-03T20:30:13.6418209+05:30","@version":"1","message":"Running the evict task with compensationTime 4ms","logger_name":"com.netflix.eureka.registry.AbstractInstanceRegistry","thread_name":"Eureka-EvictionTimer","level":"INFO","level_value":20000}
{"@timestamp":"2026-01-03T20:31:12.7244555+05:30","@version":"1","message":"The replica size seems to be empty. Check the route 53 DNS Registry","logger_name":"com.netflix.eureka.cluster.PeerEurekaNodes","thread_name":"Eureka-PeerNodesUpdater","level":"WARN","level_value":30000}
{"@timestamp":"2026-01-03T20:31:13.6507834+05:30","@version":"1","message":"Running the evict task with compensationTime 9ms","logger_name":"com.netflix.eureka.registry.AbstractInstanceRegistry","thread_name":"Eureka-EvictionTimer","level":"INFO","level_value":20000}
{"@timestamp":"2026-01-03T20:37:29.1549034+05:30","@version":"1","message":"Running the evict task with compensationTime 315479ms","logger_name":"com.netflix.eureka.registry.AbstractInstanceRegistry","thread_name":"Eureka-EvictionTimer","level":"INFO","level_value":20000}
{"@timestamp":"2026-01-03T20:38:29.1120802+05:30","@version":"1","message":"Running the evict task with compensationTime 0ms","logger_name":"com.netflix.eureka.registry.AbstractInstanceRegistry","thread_name":"Eureka-EvictionTimer","level":"INFO","level_value":20000}
{"@timestamp":"2026-01-03T20:39:29.1150008+05:30","@version":"1","message":"Running the evict task with compensationTime 2ms","logger_name":"com.netflix.eureka.registry.AbstractInstanceRegistry","thread_name":"Eureka-EvictionTimer","level":"INFO","level_value":20000}
{"@timestamp":"2026-01-03T20:40:29.1187047+05:30","@version":"1","message":"Running the evict task with compensationTime 3ms","logger_name":"com.netflix.eureka.registry.AbstractInstanceRegistry","thread_name":"Eureka-EvictionTimer","level":"INFO","level_value":20000}
{"@timestamp":"2026-01-03T20:41:29.1228078+05:30","@version":"1","message":"Running the evict task with compensationTime 4ms","logger_name":"com.netflix.eureka.registry.AbstractInstanceRegistry","thread_name":"Eureka-EvictionTimer","level":"INFO","level_value":20000}
{"@timestamp":"2026-01-03T20:42:29.1376666+05:30","@version":"1","message":"Running the evict task with compensationTime 13ms","logger_name":"com.netflix.eureka.registry.AbstractInstanceRegistry","thread_name":"Eureka-EvictionTimer","level":"INFO","level_value":20000}
{"@timestamp":"2026-01-03T20:43:29.1485482+05:30","@version":"1","message":"Running the evict task with compensationTime 12ms","logger_name":"com.netflix.eureka.registry.AbstractInstanceRegistry","thread_name":"Eureka-EvictionTimer","level":"INFO","level_value":20000}
{"@timestamp":"2026-01-03T20:44:29.1599236+05:30","@version":"1","message":"Running the evict task with compensationTime 11ms","logger_name":"com.netflix.eureka.registry.AbstractInstanceRegistry","thread_name":"Eureka-EvictionTimer","level":"INFO","level_value":20000}
{"@timestamp":"2026-01-03T20:45:29.1641149+05:30","@version":"1","message":"Running the evict task with compensationTime 4ms","logger_name":"com.netflix.eureka.registry.AbstractInstanceRegistry","thread_name":"Eureka-EvictionTimer","level":"INFO","level_value":20000}
{"@timestamp":"2026-01-03T20:46:27.0985639+05:30","@version":"1","message":"Current renewal threshold is : 0","logger_name":"com.netflix.eureka.registry.PeerAwareInstanceRegistryImpl","thread_name":"ReplicaAwareInstanceRegistry - RenewalThresholdUpdater","level":"INFO","level_value":20000}
{"@timestamp":"2026-01-03T20:46:27.3787425+05:30","@version":"1","message":"The replica size seems to be empty. Check the route 53 DNS Registry","logger_name":"com.netflix.eureka.cluster.PeerEurekaNodes","thread_name":"Eureka-PeerNodesUpdater","level":"WARN","level_value":30000}
{"@timestamp":"2026-01-03T20:46:29.1659149+05:30","@version":"1","message":"Running the evict task with compensationTime 1ms","logger_name":"com.netflix.eureka.registry.AbstractInstanceRegistry","thread_name":"Eureka-EvictionTimer","level":"INFO","level_value":20000}
{"@timestamp":"2026-01-03T20:47:29.1815623+05:30","@version":"1","message":"Running the evict task with compensationTime 15ms","logger_name":"com.netflix.eureka.registry.AbstractInstanceRegistry","thread_name":"Eureka-EvictionTimer","level":"INFO","level_value":20000}
{"@timestamp":"2026-01-03T20:48:29.1833125+05:30","@version":"1","message":"Running the evict task with compensationTime 1ms","logger_name":"com.netflix.eureka.registry.AbstractInstanceRegistry","thread_name":"Eureka-EvictionTimer","level":"INFO","level_value":20000}
{"@timestamp":"2026-01-03T20:49:29.192569+05:30","@version":"1","message":"Running the evict task with compensationTime 9ms","logger_name":"com.netflix.eureka.registry.AbstractInstanceRegistry","thread_name":"Eureka-EvictionTimer","level":"INFO","level_value":20000}
{"@timestamp":"2026-01-03T20:50:29.2019088+05:30","@version":"1","message":"Running the evict task with compensationTime 9ms","logger_name":"com.netflix.eureka.registry.AbstractInstanceRegistry","thread_name":"Eureka-EvictionTimer","level":"INFO","level_value":20000}
{"@timestamp":"2026-01-03T20:51:30.3355128+05:30","@version":"1","message":"Running the evict task with compensationTime 1131ms","logger_name":"com.netflix.eureka.registry.AbstractInstanceRegistry","thread_name":"Eureka-EvictionTimer","level":"INFO","level_value":20000}
{"@timestamp":"2026-01-03T20:52:31.9999521+05:30","@version":"1","message":"Running the evict task with compensationTime 1666ms","logger_name":"com.netflix.eureka.registry.AbstractInstanceRegistry","thread_name":"Eureka-EvictionTimer","level":"INFO","level_value":20000}
{"@timestamp":"2026-01-03T21:05:08.4027769+05:30","@version":"1","message":"Running the evict task with compensationTime 696401ms","logger_name":"com.netflix.eureka.registry.AbstractInstanceRegistry","thread_name":"Eureka-EvictionTimer","level":"INFO","level_value":20000}
{"@timestamp":"2026-01-03T21:06:08.4077335+05:30","@version":"1","message":"Running the evict task with compensationTime 6ms","logger_name":"com.netflix.eureka.registry.AbstractInstanceRegistry","thread_name":"Eureka-EvictionTimer","level":"INFO","level_value":20000}
{"@timestamp":"2026-01-03T21:07:08.4082127+05:30","@version":"1","message":"Running the evict task with compensationTime 0ms","logger_name":"com.netflix.eureka.registry.AbstractInstanceRegistry","thread_name":"Eureka-EvictionTimer","level":"INFO","level_value":20000}
{"@timestamp":"2026-01-03T21:08:06.5663058+05:30","@version":"1","message":"The replica size seems to be empty. Check the route 53 DNS Registry","logger_name":"com.netflix.eureka.cluster.PeerEurekaNodes","thread_name":"Eureka-PeerNodesUpdater","level":"WARN","level_value":30000}
{"@timestamp":"2026-01-03T21:08:08.4160335+05:30","@version":"1","message":"Running the evict task with compensationTime 7ms","logger_name":"com.netflix.eureka.registry.AbstractInstanceRegistry","thread_name":"Eureka-EvictionTimer","level":"INFO","level_value":20000}
{"@timestamp":"2026-01-03T21:09:08.417028+05:30","@version":"1","message":"Running the evict task with compensationTime 0ms","logger_name":"com.netflix.eureka.registry.AbstractInstanceRegistry","thread_name":"Eureka-EvictionTimer","level":"INFO","level_value":20000}
{"@timestamp":"2026-01-03T21:10:08.4178055+05:30","@version":"1","message":"Running the evict task with compensationTime 0ms","logger_name":"com.netflix.eureka.registry.AbstractInstanceRegistry","thread_name":"Eureka-EvictionTimer","level":"INFO","level_value":20000}
{"@timestamp":"2026-01-03T21:11:08.4511247+05:30","@version":"1","message":"Running the evict task with compensationTime 33ms","logger_name":"com.netflix.eureka.registry.AbstractInstanceRegistry","thread_name":"Eureka-EvictionTimer","level":"INFO","level_value":20000}
{"@timestamp":"2026-01-03T21:12:08.4610604+05:30","@version":"1","message":"Running the evict task with compensationTime 9ms","logger_name":"com.netflix.eureka.registry.AbstractInstanceRegistry","thread_name":"Eureka-EvictionTimer","level":"INFO","level_value":20000}
{"@timestamp":"2026-01-03T21:13:06.2521499+05:30","@version":"1","message":"Current renewal threshold is : 0","logger_name":"com.netflix.eureka.registry.PeerAwareInstanceRegistryImpl","thread_name":"ReplicaAwareInstanceRegistry - RenewalThresholdUpdater","level":"INFO","level_value":20000}
{"@timestamp":"2026-01-03T21:13:08.4698295+05:30","@version":"1","message":"Running the evict task with compensationTime 9ms","logger_name":"com.netflix.eureka.registry.AbstractInstanceRegistry","thread_name":"Eureka-EvictionTimer","level":"INFO","level_value":20000}
{"@timestamp":"2026-01-03T21:14:08.4822099+05:30","@version":"1","message":"Running the evict task with compensationTime 11ms","logger_name":"com.netflix.eureka.registry.AbstractInstanceRegistry","thread_name":"Eureka-EvictionTimer","level":"INFO","level_value":20000}
{"@timestamp":"2026-01-03T21:15:08.490661+05:30","@version":"1","message":"Running the evict task with compensationTime 8ms","logger_name":"com.netflix.eureka.registry.AbstractInstanceRegistry","thread_name":"Eureka-EvictionTimer","level":"INFO","level_value":20000}
{"@timestamp":"2026-01-03T21:16:08.4977057+05:30","@version":"1","message":"Running the evict task with compensationTime 6ms","logger_name":"com.netflix.eureka.registry.AbstractInstanceRegistry","thread_name":"Eureka-EvictionTimer","level":"INFO","level_value":20000}
{"@timestamp":"2026-01-03T21:17:08.5114339+05:30","@version":"1","message":"Running the evict task with compensationTime 13ms","logger_name":"com.netflix.eureka.registry.AbstractInstanceRegistry","thread_name":"Eureka-EvictionTimer","level":"INFO","level_value":20000}
{"@timestamp":"2026-01-03T21:18:06.5896099+05:30","@version":"1","message":"The replica size seems to be empty. Check the route 53 DNS Registry","logger_name":"com.netflix.eureka.cluster.PeerEurekaNodes","thread_name":"Eureka-PeerNodesUpdater","level":"WARN","level_value":30000}
{"@timestamp":"2026-01-03T21:18:08.5125441+05:30","@version":"1","message":"Running the evict task with compensationTime 1ms","logger_name":"com.netflix.eureka.registry.AbstractInstanceRegistry","thread_name":"Eureka-EvictionTimer","level":"INFO","level_value":20000}
{"@timestamp":"2026-01-03T21:19:08.5222624+05:30","@version":"1","message":"Running the evict task with compensationTime 9ms","logger_name":"com.netflix.eureka.registry.AbstractInstanceRegistry","thread_name":"Eureka-EvictionTimer","level":"INFO","level_value":20000}
{"@timestamp":"2026-01-03T21:20:08.529962+05:30","@version":"1","message":"Running the evict task with compensationTime 7ms","logger_name":"com.netflix.eureka.registry.AbstractInstanceRegistry","thread_name":"Eureka-EvictionTimer","level":"INFO","level_value":20000}
{"@timestamp":"2026-01-03T21:21:08.535005+05:30","@version":"1","message":"Running the evict task with compensationTime 5ms","logger_name":"com.netflix.eureka.registry.AbstractInstanceRegistry","thread_name":"Eureka-EvictionTimer","level":"INFO","level_value":20000}
{"@timestamp":"2026-01-03T21:22:08.5437092+05:30","@version":"1","message":"Running the evict task with compensationTime 8ms","logger_name":"com.netflix.eureka.registry.AbstractInstanceRegistry","thread_name":"Eureka-EvictionTimer","level":"INFO","level_value":20000}
{"@timestamp":"2026-01-03T21:23:08.550582+05:30","@version":"1","message":"Running the evict task with compensationTime 6ms","logger_name":"com.netflix.eureka.registry.AbstractInstanceRegistry","thread_name":"Eureka-EvictionTimer","level":"INFO","level_value":20000}
{"@timestamp":"2026-01-03T21:24:08.5548766+05:30","@version":"1","message":"Running the evict task with compensationTime 4ms","logger_name":"com.netflix.eureka.registry.AbstractInstanceRegistry","thread_name":"Eureka-EvictionTimer","level":"INFO","level_value":20000}
{"@timestamp":"2026-01-03T21:25:08.5649897+05:30","@version":"1","message":"Running the evict task with compensationTime 9ms","logger_name":"com.netflix.eureka.registry.AbstractInstanceRegistry","thread_name":"Eureka-EvictionTimer","level":"INFO","level_value":20000}
{"@timestamp":"2026-01-03T21:26:08.564931+05:30","@version":"1","message":"Running the evict task with compensationTime 0ms","logger_name":"com.netflix.eureka.registry.AbstractInstanceRegistry","thread_name":"Eureka-EvictionTimer","level":"INFO","level_value":20000}
{"@timestamp":"2026-01-03T21:27:08.5647136+05:30","@version":"1","message":"Running the evict task with compensationTime 0ms","logger_name":"com.netflix.eureka.registry.AbstractInstanceRegistry","thread_name":"Eureka-EvictionTimer","level":"INFO","level_value":20000}
{"@timestamp":"2026-01-03T21:28:06.2781248+05:30","@version":"1","message":"Current renewal threshold is : 0","logger_name":"com.netflix.eureka.registry.PeerAwareInstanceRegistryImpl","thread_name":"ReplicaAwareInstanceRegistry - RenewalThresholdUpdater","level":"INFO","level_value":20000}
{"@timestamp":"2026-01-03T21:28:06.6116769+05:30","@version":"1","message":"The replica size seems to be empty. Check the route 53 DNS Registry","logger_name":"com.netflix.eureka.cluster.PeerEurekaNodes","thread_name":"Eureka-PeerNodesUpdater","level":"WARN","level_value":30000}
{"@timestamp":"2026-01-03T21:28:08.565402+05:30","@version":"1","message":"Running the evict task with compensationTime 1ms","logger_name":"com.netflix.eureka.registry.AbstractInstanceRegistry","thread_name":"Eureka-EvictionTimer","level":"INFO","level_value":20000}
{"@timestamp":"2026-01-03T21:29:08.5771394+05:30","@version":"1","message":"Running the evict task with compensationTime 11ms","logger_name":"com.netflix.eureka.registry.AbstractInstanceRegistry","thread_name":"Eureka-EvictionTimer","level":"INFO","level_value":20000}
{"@timestamp":"2026-01-03T21:30:08.5858047+05:30","@version":"1","message":"Running the evict task with compensationTime 8ms","logger_name":"com.netflix.eureka.registry.AbstractInstanceRegistry","thread_name":"Eureka-EvictionTimer","level":"INFO","level_value":20000}
{"@timestamp":"2026-01-03T21:31:08.6015369+05:30","@version":"1","message":"Running the evict task with compensationTime 15ms","logger_name":"com.netflix.eureka.registry.AbstractInstanceRegistry","thread_name":"Eureka-EvictionTimer","level":"INFO","level_value":20000}
{"@timestamp":"2026-01-03T21:32:08.6543641+05:30","@version":"1","message":"Running the evict task with compensationTime 52ms","logger_name":"com.netflix.eureka.registry.AbstractInstanceRegistry","thread_name":"Eureka-EvictionTimer","level":"INFO","level_value":20000}
{"@timestamp":"2026-01-03T21:33:08.6550647+05:30","@version":"1","message":"Running the evict task with compensationTime 0ms","logger_name":"com.netflix.eureka.registry.AbstractInstanceRegistry","thread_name":"Eureka-EvictionTimer","level":"INFO","level_value":20000}
{"@timestamp":"2026-01-03T21:34:08.6674706+05:30","@version":"1","message":"Running the evict task with compensationTime 12ms","logger_name":"com.netflix.eureka.registry.AbstractInstanceRegistry","thread_name":"Eureka-EvictionTimer","level":"INFO","level_value":20000}
{"@timestamp":"2026-01-03T21:35:08.6681842+05:30","@version":"1","message":"Running the evict task with compensationTime 0ms","logger_name":"com.netflix.eureka.registry.AbstractInstanceRegistry","thread_name":"Eureka-EvictionTimer","level":"INFO","level_value":20000}
{"@timestamp":"2026-01-03T21:36:08.6809366+05:30","@version":"1","message":"Running the evict task with compensationTime 11ms","logger_name":"com.netflix.eureka.registry.AbstractInstanceRegistry","thread_name":"Eureka-EvictionTimer","level":"INFO","level_value":20000}
{"@timestamp":"2026-01-03T21:37:08.6867306+05:30","@version":"1","message":"Running the evict task with compensationTime 6ms","logger_name":"com.netflix.eureka.registry.AbstractInstanceRegistry","thread_name":"Eureka-EvictionTimer","level":"INFO","level_value":20000}
{"@timestamp":"2026-01-03T21:38:06.6575975+05:30","@version":"1","message":"The replica size seems to be empty. Check the route 53 DNS Registry","logger_name":"com.netflix.eureka.cluster.PeerEurekaNodes","thread_name":"Eureka-PeerNodesUpdater","level":"WARN","level_value":30000}
{"@timestamp":"2026-01-03T21:38:08.689716+05:30","@version":"1","message":"Running the evict task with compensationTime 2ms","logger_name":"com.netflix.eureka.registry.AbstractInstanceRegistry","thread_name":"Eureka-EvictionTimer","level":"INFO","level_value":20000}
{"@timestamp":"2026-01-03T21:39:08.6896016+05:30","@version":"1","message":"Running the evict task with compensationTime 0ms","logger_name":"com.netflix.eureka.registry.AbstractInstanceRegistry","thread_name":"Eureka-EvictionTimer","level":"INFO","level_value":20000}
{"@timestamp":"2026-01-03T21:40:08.6901371+05:30","@version":"1","message":"Running the evict task with compensationTime 0ms","logger_name":"com.netflix.eureka.registry.AbstractInstanceRegistry","thread_name":"Eureka-EvictionTimer","level":"INFO","level_value":20000}
{"@timestamp":"2026-01-03T21:41:08.6908903+05:30","@version":"1","message":"Running the evict task with compensationTime 0ms","logger_name":"com.netflix.eureka.registry.AbstractInstanceRegistry","thread_name":"Eureka-EvictionTimer","level":"INFO","level_value":20000}
{"@timestamp":"2026-01-03T21:42:08.6933132+05:30","@version":"1","message":"Running the evict task with compensationTime 2ms","logger_name":"com.netflix.eureka.registry.AbstractInstanceRegistry","thread_name":"Eureka-EvictionTimer","level":"INFO","level_value":20000}
{"@timestamp":"2026-01-03T21:43:06.2700947+05:30","@version":"1","message":"Current renewal threshold is : 0","logger_name":"com.netflix.eureka.registry.PeerAwareInstanceRegistryImpl","thread_name":"ReplicaAwareInstanceRegistry - RenewalThresholdUpdater","level":"INFO","level_value":20000}
{"@timestamp":"2026-01-03T21:43:08.6929834+05:30","@version":"1","message":"Running the evict task with compensationTime 0ms","logger_name":"com.netflix.eureka.registry.AbstractInstanceRegistry","thread_name":"Eureka-EvictionTimer","level":"INFO","level_value":20000}
{"@timestamp":"2026-01-03T21:44:08.6938204+05:30","@version":"1","message":"Running the evict task with compensationTime 1ms","logger_name":"com.netflix.eureka.registry.AbstractInstanceRegistry","thread_name":"Eureka-EvictionTimer","level":"INFO","level_value":20000}
{"@timestamp":"2026-01-03T21:45:08.6936639+05:30","@version":"1","message":"Running the evict task with compensationTime 0ms","logger_name":"com.netflix.eureka.registry.AbstractInstanceRegistry","thread_name":"Eureka-EvictionTimer","level":"INFO","level_value":20000}
{"@timestamp":"2026-01-03T21:46:08.7025131+05:30","@version":"1","message":"Running the evict task with compensationTime 9ms","logger_name":"com.netflix.eureka.registry.AbstractInstanceRegistry","thread_name":"Eureka-EvictionTimer","level":"INFO","level_value":20000}
{"@timestamp":"2026-01-03T21:47:08.7089825+05:30","@version":"1","message":"Running the evict task with compensationTime 7ms","logger_name":"com.netflix.eureka.registry.AbstractInstanceRegistry","thread_name":"Eureka-EvictionTimer","level":"INFO","level_value":20000}
{"@timestamp":"2026-01-03T21:48:06.6855766+05:30","@version":"1","message":"The replica size seems to be empty. Check the route 53 DNS Registry","logger_name":"com.netflix.eureka.cluster.PeerEurekaNodes","thread_name":"Eureka-PeerNodesUpdater","level":"WARN","level_value":30000}
{"@timestamp":"2026-01-03T21:48:08.7132234+05:30","@version":"1","message":"Running the evict task with compensationTime 3ms","logger_name":"com.netflix.eureka.registry.AbstractInstanceRegistry","thread_name":"Eureka-EvictionTimer","level":"INFO","level_value":20000}
{"@timestamp":"2026-01-03T21:49:08.7219059+05:30","@version":"1","message":"Running the evict task with compensationTime 8ms","logger_name":"com.netflix.eureka.registry.AbstractInstanceRegistry","thread_name":"Eureka-EvictionTimer","level":"INFO","level_value":20000}
{"@timestamp":"2026-01-03T21:50:08.7341972+05:30","@version":"1","message":"Running the evict task with compensationTime 11ms","logger_name":"com.netflix.eureka.registry.AbstractInstanceRegistry","thread_name":"Eureka-EvictionTimer","level":"INFO","level_value":20000}
{"@timestamp":"2026-01-03T21:51:08.733911+05:30","@version":"1","message":"Running the evict task with compensationTime 0ms","logger_name":"com.netflix.eureka.registry.AbstractInstanceRegistry","thread_name":"Eureka-EvictionTimer","level":"INFO","level_value":20000}
{"@timestamp":"2026-01-03T21:52:08.7338029+05:30","@version":"1","message":"Running the evict task with compensationTime 0ms","logger_name":"com.netflix.eureka.registry.AbstractInstanceRegistry","thread_name":"Eureka-EvictionTimer","level":"INFO","level_value":20000}
{"@timestamp":"2026-01-03T21:53:08.7349611+05:30","@version":"1","message":"Running the evict task with compensationTime 0ms","logger_name":"com.netflix.eureka.registry.AbstractInstanceRegistry","thread_name":"Eureka-EvictionTimer","level":"INFO","level_value":20000}
{"@timestamp":"2026-01-03T21:54:08.7490648+05:30","@version":"1","message":"Running the evict task with compensationTime 14ms","logger_name":"com.netflix.eureka.registry.AbstractInstanceRegistry","thread_name":"Eureka-EvictionTimer","level":"INFO","level_value":20000}
{"@timestamp":"2026-01-03T21:55:08.7499943+05:30","@version":"1","message":"Running the evict task with compensationTime 0ms","logger_name":"com.netflix.eureka.registry.AbstractInstanceRegistry","thread_name":"Eureka-EvictionTimer","level":"INFO","level_value":20000}
{"@timestamp":"2026-01-03T21:56:08.7610414+05:30","@version":"1","message":"Running the evict task with compensationTime 11ms","logger_name":"com.netflix.eureka.registry.AbstractInstanceRegistry","thread_name":"Eureka-EvictionTimer","level":"INFO","level_value":20000}
{"@timestamp":"2026-01-03T21:57:08.7619944+05:30","@version":"1","message":"Running the evict task with compensationTime 0ms","logger_name":"com.netflix.eureka.registry.AbstractInstanceRegistry","thread_name":"Eureka-EvictionTimer","level":"INFO","level_value":20000}
{"@timestamp":"2026-01-03T21:58:06.2831802+05:30","@version":"1","message":"Current renewal threshold is : 0","logger_name":"com.netflix.eureka.registry.PeerAwareInstanceRegistryImpl","thread_name":"ReplicaAwareInstanceRegistry - RenewalThresholdUpdater","level":"INFO","level_value":20000}
{"@timestamp":"2026-01-03T21:58:06.7001228+05:30","@version":"1","message":"The replica size seems to be empty. Check the route 53 DNS Registry","logger_name":"com.netflix.eureka.cluster.PeerEurekaNodes","thread_name":"Eureka-PeerNodesUpdater","level":"WARN","level_value":30000}
{"@timestamp":"2026-01-03T21:58:08.7635109+05:30","@version":"1","message":"Running the evict task with compensationTime 1ms","logger_name":"com.netflix.eureka.registry.AbstractInstanceRegistry","thread_name":"Eureka-EvictionTimer","level":"INFO","level_value":20000}
{"@timestamp":"2026-01-03T21:59:08.7639306+05:30","@version":"1","message":"Running the evict task with compensationTime 0ms","logger_name":"com.netflix.eureka.registry.AbstractInstanceRegistry","thread_name":"Eureka-EvictionTimer","level":"INFO","level_value":20000}
{"@timestamp":"2026-01-03T22:00:08.7642339+05:30","@version":"1","message":"Running the evict task with compensationTime 0ms","logger_name":"com.netflix.eureka.registry.AbstractInstanceRegistry","thread_name":"Eureka-EvictionTimer","level":"INFO","level_value":20000}
{"@timestamp":"2026-01-03T22:01:08.7649352+05:30","@version":"1","message":"Running the evict task with compensationTime 0ms","logger_name":"com.netflix.eureka.registry.AbstractInstanceRegistry","thread_name":"Eureka-EvictionTimer","level":"INFO","level_value":20000}
{"@timestamp":"2026-01-03T22:02:08.7648808+05:30","@version":"1","message":"Running the evict task with compensationTime 0ms","logger_name":"com.netflix.eureka.registry.AbstractInstanceRegistry","thread_name":"Eureka-EvictionTimer","level":"INFO","level_value":20000}
{"@timestamp":"2026-01-03T22:02:37.1921686+05:30","@version":"1","message":"Registered instance PATIENT-SERVICE/Patient-Service:abc1d5a3-9dc8-48c7-950a-f414839373c8 with status DOWN (replication=false)","logger_name":"com.netflix.eureka.registry.AbstractInstanceRegistry","thread_name":"http-nio-8761-exec-10","level":"INFO","level_value":20000}
{"@timestamp":"2026-01-03T22:02:40.8868859+05:30","@version":"1","message":"Cancelled instance PATIENT-SERVICE/Patient-Service:abc1d5a3-9dc8-48c7-950a-f414839373c8 (replication=false)","logger_name":"com.netflix.eureka.registry.AbstractInstanceRegistry","thread_name":"http-nio-8761-exec-9","level":"INFO","level_value":20000}
{"@timestamp":"2026-01-03T22:03:08.7686278+05:30","@version":"1","message":"Running the evict task with compensationTime 3ms","logger_name":"com.netflix.eureka.registry.AbstractInstanceRegistry","thread_name":"Eureka-EvictionTimer","level":"INFO","level_value":20000}
{"@timestamp":"2026-01-03T22:04:02.6009472+05:30","@version":"1","message":"Registered instance PATIENT-SERVICE/Patient-Service:4bc6af99-4f8b-4812-a2f4-1d12de133644 with status UP (replication=false)","logger_name":"com.netflix.eureka.registry.AbstractInstanceRegistry","thread_name":"http-nio-8761-exec-5","level":"INFO","level_value":20000}
{"@timestamp":"2026-01-03T22:04:08.7692968+05:30","@version":"1","message":"Running the evict task with compensationTime 0ms","logger_name":"com.netflix.eureka.registry.AbstractInstanceRegistry","thread_name":"Eureka-EvictionTimer","level":"INFO","level_value":20000}
{"@timestamp":"2026-01-03T22:05:08.7702008+05:30","@version":"1","message":"Running the evict task with compensationTime 0ms","logger_name":"com.netflix.eureka.registry.AbstractInstanceRegistry","thread_name":"Eureka-EvictionTimer","level":"INFO","level_value":20000}
{"@timestamp":"2026-01-03T22:06:08.7702367+05:30","@version":"1","message":"Running the evict task with compensationTime 0ms","logger_name":"com.netflix.eureka.registry.AbstractInstanceRegistry","thread_name":"Eureka-EvictionTimer","level":"INFO","level_value":20000}
{"@timestamp":"2026-01-03T22:07:08.7801458+05:30","@version":"1","message":"Running the evict task with compensationTime 7ms","logger_name":"com.netflix.eureka.registry.AbstractInstanceRegistry","thread_name":"Eureka-EvictionTimer","level":"INFO","level_value":20000}
{"@timestamp":"2026-01-03T22:08:06.7309216+05:30","@version":"1","message":"The replica size seems to be empty. Check the route 53 DNS Registry","logger_name":"com.netflix.eureka.cluster.PeerEurekaNodes","thread_name":"Eureka-PeerNodesUpdater","level":"WARN","level_value":30000}
{"@timestamp":"2026-01-03T22:08:08.7813162+05:30","@version":"1","message":"Running the evict task with compensationTime 3ms","logger_name":"com.netflix.eureka.registry.AbstractInstanceRegistry","thread_name":"Eureka-EvictionTimer","level":"INFO","level_value":20000}
{"@timestamp":"2026-01-03T22:09:08.7872381+05:30","@version":"1","message":"Running the evict task with compensationTime 6ms","logger_name":"com.netflix.eureka.registry.AbstractInstanceRegistry","thread_name":"Eureka-EvictionTimer","level":"INFO","level_value":20000}
{"@timestamp":"2026-01-03T22:10:08.7924184+05:30","@version":"1","message":"Running the evict task with compensationTime 4ms","logger_name":"com.netflix.eureka.registry.AbstractInstanceRegistry","thread_name":"Eureka-EvictionTimer","level":"INFO","level_value":20000}
{"@timestamp":"2026-01-03T22:11:08.8031084+05:30","@version":"1","message":"Running the evict task with compensationTime 10ms","logger_name":"com.netflix.eureka.registry.AbstractInstanceRegistry","thread_name":"Eureka-EvictionTimer","level":"INFO","level_value":20000}
{"@timestamp":"2026-01-03T22:12:09.9477404+05:30","@version":"1","message":"Running the evict task with compensationTime 1144ms","logger_name":"com.netflix.eureka.registry.AbstractInstanceRegistry","thread_name":"Eureka-EvictionTimer","level":"INFO","level_value":20000}
{"@timestamp":"2026-01-03T22:24:37.4409552+05:30","@version":"1","message":"Current renewal threshold is : 0","logger_name":"com.netflix.eureka.registry.PeerAwareInstanceRegistryImpl","thread_name":"ReplicaAwareInstanceRegistry - RenewalThresholdUpdater","level":"INFO","level_value":20000}
{"@timestamp":"2026-01-03T22:24:39.9471539+05:30","@version":"1","message":"Running the evict task with compensationTime 689999ms","logger_name":"com.netflix.eureka.registry.AbstractInstanceRegistry","thread_name":"Eureka-EvictionTimer","level":"INFO","level_value":20000}
{"@timestamp":"2026-01-03T22:25:39.9468026+05:30","@version":"1","message":"Running the evict task with compensationTime 0ms","logger_name":"com.netflix.eureka.registry.AbstractInstanceRegistry","thread_name":"Eureka-EvictionTimer","level":"INFO","level_value":20000}
{"@timestamp":"2026-01-03T22:26:39.9623071+05:30","@version":"1","message":"Running the evict task with compensationTime 15ms","logger_name":"com.netflix.eureka.registry.AbstractInstanceRegistry","thread_name":"Eureka-EvictionTimer","level":"INFO","level_value":20000}
{"@timestamp":"2026-01-03T22:27:39.9624279+05:30","@version":"1","message":"Running the evict task with compensationTime 0ms","logger_name":"com.netflix.eureka.registry.AbstractInstanceRegistry","thread_name":"Eureka-EvictionTimer","level":"INFO","level_value":20000}
{"@timestamp":"2026-01-03T22:28:39.9676691+05:30","@version":"1","message":"Running the evict task with compensationTime 5ms","logger_name":"com.netflix.eureka.registry.AbstractInstanceRegistry","thread_name":"Eureka-EvictionTimer","level":"INFO","level_value":20000}
{"@timestamp":"2026-01-03T22:29:37.8986889+05:30","@version":"1","message":"The replica size seems to be empty. Check the route 53 DNS Registry","logger_name":"com.netflix.eureka.cluster.PeerEurekaNodes","thread_name":"Eureka-PeerNodesUpdater","level":"WARN","level_value":30000}
{"@timestamp":"2026-01-03T22:29:39.9811922+05:30","@version":"1","message":"Running the evict task with compensationTime 13ms","logger_name":"com.netflix.eureka.registry.AbstractInstanceRegistry","thread_name":"Eureka-EvictionTimer","level":"INFO","level_value":20000}
{"@timestamp":"2026-01-03T22:30:39.9808439+05:30","@version":"1","message":"Running the evict task with compensationTime 0ms","logger_name":"com.netflix.eureka.registry.AbstractInstanceRegistry","thread_name":"Eureka-EvictionTimer","level":"INFO","level_value":20000}
{"@timestamp":"2026-01-03T22:31:39.9814115+05:30","@version":"1","message":"Running the evict task with compensationTime 0ms","logger_name":"com.netflix.eureka.registry.AbstractInstanceRegistry","thread_name":"Eureka-EvictionTimer","level":"INFO","level_value":20000}
{"@timestamp":"2026-01-03T22:32:39.9935954+05:30","@version":"1","message":"Running the evict task with compensationTime 12ms","logger_name":"com.netflix.eureka.registry.AbstractInstanceRegistry","thread_name":"Eureka-EvictionTimer","level":"INFO","level_value":20000}
{"@timestamp":"2026-01-03T22:33:26.22167+05:30","@version":"1","message":"Registered instance PATIENT-SERVICE/Patient-Service:4bc6af99-4f8b-4812-a2f4-1d12de133644 with status DOWN (replication=false)","logger_name":"com.netflix.eureka.registry.AbstractInstanceRegistry","thread_name":"http-nio-8761-exec-8","level":"INFO","level_value":20000}
{"@timestamp":"2026-01-03T22:33:29.7503622+05:30","@version":"1","message":"Cancelled instance PATIENT-SERVICE/Patient-Service:4bc6af99-4f8b-4812-a2f4-1d12de133644 (replication=false)","logger_name":"com.netflix.eureka.registry.AbstractInstanceRegistry","thread_name":"http-nio-8761-exec-3","level":"INFO","level_value":20000}
{"@timestamp":"2026-01-03T22:33:57.4141411+05:30","@version":"1","message":"Running the evict task with compensationTime 17420ms","logger_name":"com.netflix.eureka.registry.AbstractInstanceRegistry","thread_name":"Eureka-EvictionTimer","level":"INFO","level_value":20000}
{"@timestamp":"2026-01-03T22:34:44.1504903+05:30","@version":"1","message":"Registered instance PATIENT-SERVICE/Patient-Service:2b2554e2-cf4d-417a-9904-85e150f5758c with status UP (replication=false)","logger_name":"com.netflix.eureka.registry.AbstractInstanceRegistry","thread_name":"http-nio-8761-exec-9","level":"INFO","level_value":20000}
{"@timestamp":"2026-01-03T22:34:57.4158922+05:30","@version":"1","message":"Running the evict task with compensationTime 0ms","logger_name":"com.netflix.eureka.registry.AbstractInstanceRegistry","thread_name":"Eureka-EvictionTimer","level":"INFO","level_value":20000}
{"@timestamp":"2026-01-03T22:35:57.4149634+05:30","@version":"1","message":"Running the evict task with compensationTime 0ms","logger_name":"com.netflix.eureka.registry.AbstractInstanceRegistry","thread_name":"Eureka-EvictionTimer","level":"INFO","level_value":20000}
{"@timestamp":"2026-01-03T22:36:57.4151634+05:30","@version":"1","message":"Running the evict task with compensationTime 0ms","logger_name":"com.netflix.eureka.registry.AbstractInstanceRegistry","thread_name":"Eureka-EvictionTimer","level":"INFO","level_value":20000}
{"@timestamp":"2026-01-03T22:37:57.4157004+05:30","@version":"1","message":"Running the evict task with compensationTime 1ms","logger_name":"com.netflix.eureka.registry.AbstractInstanceRegistry","thread_name":"Eureka-EvictionTimer","level":"INFO","level_value":20000}
{"@timestamp":"2026-01-03T22:38:57.416155+05:30","@version":"1","message":"Running the evict task with compensationTime 0ms","logger_name":"com.netflix.eureka.registry.AbstractInstanceRegistry","thread_name":"Eureka-EvictionTimer","level":"INFO","level_value":20000}
{"@timestamp":"2026-01-03T22:39:54.8553449+05:30","@version":"1","message":"Current renewal threshold is : 0","logger_name":"com.netflix.eureka.registry.PeerAwareInstanceRegistryImpl","thread_name":"ReplicaAwareInstanceRegistry - RenewalThresholdUpdater","level":"INFO","level_value":20000}
{"@timestamp":"2026-01-03T22:39:55.3459866+05:30","@version":"1","message":"The replica size seems to be empty. Check the route 53 DNS Registry","logger_name":"com.netflix.eureka.cluster.PeerEurekaNodes","thread_name":"Eureka-PeerNodesUpdater","level":"WARN","level_value":30000}
{"@timestamp":"2026-01-03T22:39:57.4168906+05:30","@version":"1","message":"Running the evict task with compensationTime 0ms","logger_name":"com.netflix.eureka.registry.AbstractInstanceRegistry","thread_name":"Eureka-EvictionTimer","level":"INFO","level_value":20000}
{"@timestamp":"2026-01-03T22:40:27.3622256+05:30","@version":"1","message":"Registered instance PATIENT-SERVICE/Patient-Service:2b2554e2-cf4d-417a-9904-85e150f5758c with status DOWN (replication=false)","logger_name":"com.netflix.eureka.registry.AbstractInstanceRegistry","thread_name":"http-nio-8761-exec-6","level":"INFO","level_value":20000}
{"@timestamp":"2026-01-03T22:40:31.0825709+05:30","@version":"1","message":"Cancelled instance PATIENT-SERVICE/Patient-Service:2b2554e2-cf4d-417a-9904-85e150f5758c (replication=false)","logger_name":"com.netflix.eureka.registry.AbstractInstanceRegistry","thread_name":"http-nio-8761-exec-9","level":"INFO","level_value":20000}
{"@timestamp":"2026-01-03T22:40:57.4232281+05:30","@version":"1","message":"Running the evict task with compensationTime 6ms","logger_name":"com.netflix.eureka.registry.AbstractInstanceRegistry","thread_name":"Eureka-EvictionTimer","level":"INFO","level_value":20000}
{"@timestamp":"2026-01-03T22:41:25.3912244+05:30","@version":"1","message":"Registered instance PATIENT-SERVICE/Patient-Service:74d52475-272c-4796-980c-d9680df75684 with status UP (replication=false)","logger_name":"com.netflix.eureka.registry.AbstractInstanceRegistry","thread_name":"http-nio-8761-exec-8","level":"INFO","level_value":20000}
{"@timestamp":"2026-01-03T22:41:25.5370037+05:30","@version":"1","message":"Registered instance PATIENT-SERVICE/Patient-Service:74d52475-272c-4796-980c-d9680df75684 with status DOWN (replication=false)","logger_name":"com.netflix.eureka.registry.AbstractInstanceRegistry","thread_name":"http-nio-8761-exec-5","level":"INFO","level_value":20000}
{"@timestamp":"2026-01-03T22:41:29.6952868+05:30","@version":"1","message":"Cancelled instance PATIENT-SERVICE/Patient-Service:74d52475-272c-4796-980c-d9680df75684 (replication=false)","logger_name":"com.netflix.eureka.registry.AbstractInstanceRegistry","thread_name":"http-nio-8761-exec-2","level":"INFO","level_value":20000}
{"@timestamp":"2026-01-03T22:41:42.2658351+05:30","@version":"1","message":"Registered instance PATIENT-SERVICE/Patient-Service:e79b0a9b-3c16-4c05-ad30-3e91edacdf6d with status UP (replication=false)","logger_name":"com.netflix.eureka.registry.AbstractInstanceRegistry","thread_name":"http-nio-8761-exec-8","level":"INFO","level_value":20000}
{"@timestamp":"2026-01-03T22:41:43.6973601+05:30","@version":"1","message":"Registered instance PATIENT-SERVICE/Patient-Service:e79b0a9b-3c16-4c05-ad30-3e91edacdf6d with status DOWN (replication=false)","logger_name":"com.netflix.eureka.registry.AbstractInstanceRegistry","thread_name":"http-nio-8761-exec-5","level":"INFO","level_value":20000}
{"@timestamp":"2026-01-03T22:41:47.0106632+05:30","@version":"1","message":"Cancelled instance PATIENT-SERVICE/Patient-Service:e79b0a9b-3c16-4c05-ad30-3e91edacdf6d (replication=false)","logger_name":"com.netflix.eureka.registry.AbstractInstanceRegistry","thread_name":"http-nio-8761-exec-2","level":"INFO","level_value":20000}
{"@timestamp":"2026-01-03T22:41:57.4506271+05:30","@version":"1","message":"Running the evict task with compensationTime 25ms","logger_name":"com.netflix.eureka.registry.AbstractInstanceRegistry","thread_name":"Eureka-EvictionTimer","level":"INFO","level_value":20000}
{"@timestamp":"2026-01-03T22:42:14.249238+05:30","@version":"1","message":"Registered instance PATIENT-SERVICE/Patient-Service:1d344561-8c00-4ed2-8554-9f49b46aea37 with status UP (replication=false)","logger_name":"com.netflix.eureka.registry.AbstractInstanceRegistry","thread_name":"http-nio-8761-exec-8","level":"INFO","level_value":20000}
{"@timestamp":"2026-01-03T22:42:36.917383+05:30","@version":"1","message":"Registered instance PATIENT-SERVICE/Patient-Service:1d344561-8c00-4ed2-8554-9f49b46aea37 with status DOWN (replication=false)","logger_name":"com.netflix.eureka.registry.AbstractInstanceRegistry","thread_name":"http-nio-8761-exec-7","level":"INFO","level_value":20000}
{"@timestamp":"2026-01-03T22:42:40.3422439+05:30","@version":"1","message":"Cancelled instance PATIENT-SERVICE/Patient-Service:1d344561-8c00-4ed2-8554-9f49b46aea37 (replication=false)","logger_name":"com.netflix.eureka.registry.AbstractInstanceRegistry","thread_name":"http-nio-8761-exec-4","level":"INFO","level_value":20000}
{"@timestamp":"2026-01-03T22:42:57.4527355+05:30","@version":"1","message":"Running the evict task with compensationTime 3ms","logger_name":"com.netflix.eureka.registry.AbstractInstanceRegistry","thread_name":"Eureka-EvictionTimer","level":"INFO","level_value":20000}
{"@timestamp":"2026-01-03T22:43:28.9439469+05:30","@version":"1","message":"Registered instance PATIENT-SERVICE/Patient-Service:1c4463b5-0b72-4d41-b292-02d8db157bf3 with status UP (replication=false)","logger_name":"com.netflix.eureka.registry.AbstractInstanceRegistry","thread_name":"http-nio-8761-exec-1","level":"INFO","level_value":20000}
{"@timestamp":"2026-01-03T22:43:28.978387+05:30","@version":"1","message":"Registered instance PATIENT-SERVICE/Patient-Service:1c4463b5-0b72-4d41-b292-02d8db157bf3 with status DOWN (replication=false)","logger_name":"com.netflix.eureka.registry.AbstractInstanceRegistry","thread_name":"http-nio-8761-exec-6","level":"INFO","level_value":20000}
{"@timestamp":"2026-01-03T22:43:32.3275607+05:30","@version":"1","message":"Cancelled instance PATIENT-SERVICE/Patient-Service:1c4463b5-0b72-4d41-b292-02d8db157bf3 (replication=false)","logger_name":"com.netflix.eureka.registry.AbstractInstanceRegistry","thread_name":"http-nio-8761-exec-9","level":"INFO","level_value":20000}
{"@timestamp":"2026-01-03T22:43:57.4564235+05:30","@version":"1","message":"Running the evict task with compensationTime 3ms","logger_name":"com.netflix.eureka.registry.AbstractInstanceRegistry","thread_name":"Eureka-EvictionTimer","level":"INFO","level_value":20000}
{"@timestamp":"2026-01-03T22:44:16.9901633+05:30","@version":"1","message":"Registered instance PATIENT-SERVICE/Patient-Service:aa2a4bb3-98f1-4cab-ae0b-c330a34fd9c9 with status UP (replication=false)","logger_name":"com.netflix.eureka.registry.AbstractInstanceRegistry","thread_name":"http-nio-8761-exec-3","level":"INFO","level_value":20000}
{"@timestamp":"2026-01-03T22:44:57.4615329+05:30","@version":"1","message":"Running the evict task with compensationTime 5ms","logger_name":"com.netflix.eureka.registry.AbstractInstanceRegistry","thread_name":"Eureka-EvictionTimer","level":"INFO","level_value":20000}
{"@timestamp":"2026-01-03T22:45:57.5564376+05:30","@version":"1","message":"Running the evict task with compensationTime 95ms","logger_name":"com.netflix.eureka.registry.AbstractInstanceRegistry","thread_name":"Eureka-EvictionTimer","level":"INFO","level_value":20000}
{"@timestamp":"2026-01-03T22:46:57.5569226+05:30","@version":"1","message":"Running the evict task with compensationTime 0ms","logger_name":"com.netflix.eureka.registry.AbstractInstanceRegistry","thread_name":"Eureka-EvictionTimer","level":"INFO","level_value":20000}
{"@timestamp":"2026-01-03T22:47:45.4624875+05:30","@version":"1","message":"Registered instance PATIENT-SERVICE/Patient-Service:aa2a4bb3-98f1-4cab-ae0b-c330a34fd9c9 with status DOWN (replication=false)","logger_name":"com.netflix.eureka.registry.AbstractInstanceRegistry","thread_name":"http-nio-8761-exec-7","level":"INFO","level_value":20000}
{"@timestamp":"2026-01-03T22:47:48.7738246+05:30","@version":"1","message":"Cancelled instance PATIENT-SERVICE/Patient-Service:aa2a4bb3-98f1-4cab-ae0b-c330a34fd9c9 (replication=false)","logger_name":"com.netflix.eureka.registry.AbstractInstanceRegistry","thread_name":"http-nio-8761-exec-9","level":"INFO","level_value":20000}
{"@timestamp":"2026-01-03T22:47:57.557982+05:30","@version":"1","message":"Running the evict task with compensationTime 1ms","logger_name":"com.netflix.eureka.registry.AbstractInstanceRegistry","thread_name":"Eureka-EvictionTimer","level":"INFO","level_value":20000}
{"@timestamp":"2026-01-03T22:48:36.9945228+05:30","@version":"1","message":"Registered instance PATIENT-SERVICE/Patient-Service:5cd06016-aaf4-4bfa-a48d-ea5829882412 with status UP (replication=false)","logger_name":"com.netflix.eureka.registry.AbstractInstanceRegistry","thread_name":"http-nio-8761-exec-1","level":"INFO","level_value":20000}
{"@timestamp":"2026-01-03T22:48:37.0414961+05:30","@version":"1","message":"Registered instance PATIENT-SERVICE/Patient-Service:5cd06016-aaf4-4bfa-a48d-ea5829882412 with status DOWN (replication=false)","logger_name":"com.netflix.eureka.registry.AbstractInstanceRegistry","thread_name":"http-nio-8761-exec-9","level":"INFO","level_value":20000}
{"@timestamp":"2026-01-03T22:48:40.2344942+05:30","@version":"1","message":"Cancelled instance PATIENT-SERVICE/Patient-Service:5cd06016-aaf4-4bfa-a48d-ea5829882412 (replication=false)","logger_name":"com.netflix.eureka.registry.AbstractInstanceRegistry","thread_name":"http-nio-8761-exec-6","level":"INFO","level_value":20000}
{"@timestamp":"2026-01-03T22:48:57.5691498+05:30","@version":"1","message":"Running the evict task with compensationTime 11ms","logger_name":"com.netflix.eureka.registry.AbstractInstanceRegistry","thread_name":"Eureka-EvictionTimer","level":"INFO","level_value":20000}
{"@timestamp":"2026-01-03T22:49:22.8593033+05:30","@version":"1","message":"Registered instance PATIENT-SERVICE/Patient-Service:8c827c34-fc8c-4f8c-9a0e-302e613d5e5e with status UP (replication=false)","logger_name":"com.netflix.eureka.registry.AbstractInstanceRegistry","thread_name":"http-nio-8761-exec-6","level":"INFO","level_value":20000}
{"@timestamp":"2026-01-03T22:49:55.7827046+05:30","@version":"1","message":"The replica size seems to be empty. Check the route 53 DNS Registry","logger_name":"com.netflix.eureka.cluster.PeerEurekaNodes","thread_name":"Eureka-PeerNodesUpdater","level":"WARN","level_value":30000}
{"@timestamp":"2026-01-03T22:49:57.5803844+05:30","@version":"1","message":"Running the evict task with compensationTime 10ms","logger_name":"com.netflix.eureka.registry.AbstractInstanceRegistry","thread_name":"Eureka-EvictionTimer","level":"INFO","level_value":20000}
{"@timestamp":"2026-01-03T22:50:57.5890437+05:30","@version":"1","message":"Running the evict task with compensationTime 9ms","logger_name":"com.netflix.eureka.registry.AbstractInstanceRegistry","thread_name":"Eureka-EvictionTimer","level":"INFO","level_value":20000}
{"@timestamp":"2026-01-03T22:51:57.604282+05:30","@version":"1","message":"Running the evict task with compensationTime 15ms","logger_name":"com.netflix.eureka.registry.AbstractInstanceRegistry","thread_name":"Eureka-EvictionTimer","level":"INFO","level_value":20000}
{"@timestamp":"2026-01-03T22:52:57.6134089+05:30","@version":"1","message":"Running the evict task with compensationTime 8ms","logger_name":"com.netflix.eureka.registry.AbstractInstanceRegistry","thread_name":"Eureka-EvictionTimer","level":"INFO","level_value":20000}
{"@timestamp":"2026-01-03T22:53:57.6152609+05:30","@version":"1","message":"Running the evict task with compensationTime 2ms","logger_name":"com.netflix.eureka.registry.AbstractInstanceRegistry","thread_name":"Eureka-EvictionTimer","level":"INFO","level_value":20000}
{"@timestamp":"2026-01-03T22:54:54.8531257+05:30","@version":"1","message":"Current renewal threshold is : 0","logger_name":"com.netflix.eureka.registry.PeerAwareInstanceRegistryImpl","thread_name":"ReplicaAwareInstanceRegistry - RenewalThresholdUpdater","level":"INFO","level_value":20000}
{"@timestamp":"2026-01-03T22:54:57.6263621+05:30","@version":"1","message":"Running the evict task with compensationTime 10ms","logger_name":"com.netflix.eureka.registry.AbstractInstanceRegistry","thread_name":"Eureka-EvictionTimer","level":"INFO","level_value":20000}
{"@timestamp":"2026-01-03T22:55:34.1299488+05:30","@version":"1","message":"Registered instance PATIENT-SERVICE/Patient-Service:8c827c34-fc8c-4f8c-9a0e-302e613d5e5e with status DOWN (replication=false)","logger_name":"com.netflix.eureka.registry.AbstractInstanceRegistry","thread_name":"http-nio-8761-exec-8","level":"INFO","level_value":20000}
{"@timestamp":"2026-01-03T22:55:41.2487315+05:30","@version":"1","message":"Cancelled instance PATIENT-SERVICE/Patient-Service:8c827c34-fc8c-4f8c-9a0e-302e613d5e5e (replication=false)","logger_name":"com.netflix.eureka.registry.AbstractInstanceRegistry","thread_name":"http-nio-8761-exec-5","level":"INFO","level_value":20000}
{"@timestamp":"2026-01-03T22:55:57.6433999+05:30","@version":"1","message":"Running the evict task with compensationTime 16ms","logger_name":"com.netflix.eureka.registry.AbstractInstanceRegistry","thread_name":"Eureka-EvictionTimer","level":"INFO","level_value":20000}
{"@timestamp":"2026-01-03T22:56:38.6898893+05:30","@version":"1","message":"Registered instance PATIENT-SERVICE/Patient-Service:8f6c5a2e-5d5a-46b5-9482-de8bba8ed87d with status UP (replication=false)","logger_name":"com.netflix.eureka.registry.AbstractInstanceRegistry","thread_name":"http-nio-8761-exec-2","level":"INFO","level_value":20000}
{"@timestamp":"2026-01-03T22:56:38.7184783+05:30","@version":"1","message":"Registered instance PATIENT-SERVICE/Patient-Service:8f6c5a2e-5d5a-46b5-9482-de8bba8ed87d with status DOWN (replication=false)","logger_name":"com.netflix.eureka.registry.AbstractInstanceRegistry","thread_name":"http-nio-8761-exec-10","level":"INFO","level_value":20000}
{"@timestamp":"2026-01-03T22:56:41.9872882+05:30","@version":"1","message":"Cancelled instance PATIENT-SERVICE/Patient-Service:8f6c5a2e-5d5a-46b5-9482-de8bba8ed87d (replication=false)","logger_name":"com.netflix.eureka.registry.AbstractInstanceRegistry","thread_name":"http-nio-8761-exec-9","level":"INFO","level_value":20000}
{"@timestamp":"2026-01-03T22:56:57.64181+05:30","@version":"1","message":"Running the evict task with compensationTime 0ms","logger_name":"com.netflix.eureka.registry.AbstractInstanceRegistry","thread_name":"Eureka-EvictionTimer","level":"INFO","level_value":20000}
{"@timestamp":"2026-01-03T22:57:26.0537763+05:30","@version":"1","message":"Registered instance PATIENT-SERVICE/Patient-Service:44ad0825-2c9e-4ad7-909e-43dc61a5dc46 with status UP (replication=false)","logger_name":"com.netflix.eureka.registry.AbstractInstanceRegistry","thread_name":"http-nio-8761-exec-4","level":"INFO","level_value":20000}
{"@timestamp":"2026-01-03T22:57:57.6477228+05:30","@version":"1","message":"Running the evict task with compensationTime 6ms","logger_name":"com.netflix.eureka.registry.AbstractInstanceRegistry","thread_name":"Eureka-EvictionTimer","level":"INFO","level_value":20000}
{"@timestamp":"2026-01-03T22:58:57.6506908+05:30","@version":"1","message":"Running the evict task with compensationTime 0ms","logger_name":"com.netflix.eureka.registry.AbstractInstanceRegistry","thread_name":"Eureka-EvictionTimer","level":"INFO","level_value":20000}
{"@timestamp":"2026-01-03T22:59:55.81372+05:30","@version":"1","message":"The replica size seems to be empty. Check the route 53 DNS Registry","logger_name":"com.netflix.eureka.cluster.PeerEurekaNodes","thread_name":"Eureka-PeerNodesUpdater","level":"WARN","level_value":30000}
{"@timestamp":"2026-01-03T22:59:57.6612154+05:30","@version":"1","message":"Running the evict task with compensationTime 12ms","logger_name":"com.netflix.eureka.registry.AbstractInstanceRegistry","thread_name":"Eureka-EvictionTimer","level":"INFO","level_value":20000}
{"@timestamp":"2026-01-03T23:00:57.6620055+05:30","@version":"1","message":"Running the evict task with compensationTime 0ms","logger_name":"com.netflix.eureka.registry.AbstractInstanceRegistry","thread_name":"Eureka-EvictionTimer","level":"INFO","level_value":20000}
{"@timestamp":"2026-01-03T23:01:57.6621955+05:30","@version":"1","message":"Running the evict task with compensationTime 0ms","logger_name":"com.netflix.eureka.registry.AbstractInstanceRegistry","thread_name":"Eureka-EvictionTimer","level":"INFO","level_value":20000}
{"@timestamp":"2026-01-03T23:02:57.67644+05:30","@version":"1","message":"Running the evict task with compensationTime 14ms","logger_name":"com.netflix.eureka.registry.AbstractInstanceRegistry","thread_name":"Eureka-EvictionTimer","level":"INFO","level_value":20000}
{"@timestamp":"2026-01-03T23:03:57.6778445+05:30","@version":"1","message":"Running the evict task with compensationTime 1ms","logger_name":"com.netflix.eureka.registry.AbstractInstanceRegistry","thread_name":"Eureka-EvictionTimer","level":"INFO","level_value":20000}
{"@timestamp":"2026-01-03T23:04:57.6825994+05:30","@version":"1","message":"Running the evict task with compensationTime 4ms","logger_name":"com.netflix.eureka.registry.AbstractInstanceRegistry","thread_name":"Eureka-EvictionTimer","level":"INFO","level_value":20000}
{"@timestamp":"2026-01-03T23:05:57.6825217+05:30","@version":"1","message":"Running the evict task with compensationTime 0ms","logger_name":"com.netflix.eureka.registry.AbstractInstanceRegistry","thread_name":"Eureka-EvictionTimer","level":"INFO","level_value":20000}
{"@timestamp":"2026-01-03T23:06:57.6852504+05:30","@version":"1","message":"Running the evict task with compensationTime 3ms","logger_name":"com.netflix.eureka.registry.AbstractInstanceRegistry","thread_name":"Eureka-EvictionTimer","level":"INFO","level_value":20000}
{"@timestamp":"2026-01-03T23:15:21.3541448+05:30","@version":"1","message":"Running the evict task with compensationTime 443614ms","logger_name":"com.netflix.eureka.registry.AbstractInstanceRegistry","thread_name":"Eureka-EvictionTimer","level":"INFO","level_value":20000}
{"@timestamp":"2026-01-03T23:16:21.3006479+05:30","@version":"1","message":"Running the evict task with compensationTime 0ms","logger_name":"com.netflix.eureka.registry.AbstractInstanceRegistry","thread_name":"Eureka-EvictionTimer","level":"INFO","level_value":20000}
{"@timestamp":"2026-01-03T23:17:18.4112362+05:30","@version":"1","message":"Current renewal threshold is : 0","logger_name":"com.netflix.eureka.registry.PeerAwareInstanceRegistryImpl","thread_name":"ReplicaAwareInstanceRegistry - RenewalThresholdUpdater","level":"INFO","level_value":20000}
{"@timestamp":"2026-01-03T23:17:19.3579617+05:30","@version":"1","message":"The replica size seems to be empty. Check the route 53 DNS Registry","logger_name":"com.netflix.eureka.cluster.PeerEurekaNodes","thread_name":"Eureka-PeerNodesUpdater","level":"WARN","level_value":30000}
{"@timestamp":"2026-01-03T23:17:21.3118567+05:30","@version":"1","message":"Running the evict task with compensationTime 11ms","logger_name":"com.netflix.eureka.registry.AbstractInstanceRegistry","thread_name":"Eureka-EvictionTimer","level":"INFO","level_value":20000}
{"@timestamp":"2026-01-03T23:18:21.3185524+05:30","@version":"1","message":"Running the evict task with compensationTime 6ms","logger_name":"com.netflix.eureka.registry.AbstractInstanceRegistry","thread_name":"Eureka-EvictionTimer","level":"INFO","level_value":20000}
{"@timestamp":"2026-01-03T23:19:21.328123+05:30","@version":"1","message":"Running the evict task with compensationTime 9ms","logger_name":"com.netflix.eureka.registry.AbstractInstanceRegistry","thread_name":"Eureka-EvictionTimer","level":"INFO","level_value":20000}
{"@timestamp":"2026-01-03T23:20:21.3410881+05:30","@version":"1","message":"Running the evict task with compensationTime 12ms","logger_name":"com.netflix.eureka.registry.AbstractInstanceRegistry","thread_name":"Eureka-EvictionTimer","level":"INFO","level_value":20000}
{"@timestamp":"2026-01-03T23:21:21.3416217+05:30","@version":"1","message":"Running the evict task with compensationTime 1ms","logger_name":"com.netflix.eureka.registry.AbstractInstanceRegistry","thread_name":"Eureka-EvictionTimer","level":"INFO","level_value":20000}
{"@timestamp":"2026-01-03T23:22:21.3419049+05:30","@version":"1","message":"Running the evict task with compensationTime 0ms","logger_name":"com.netflix.eureka.registry.AbstractInstanceRegistry","thread_name":"Eureka-EvictionTimer","level":"INFO","level_value":20000}
{"@timestamp":"2026-01-03T23:23:21.3421247+05:30","@version":"1","message":"Running the evict task with compensationTime 0ms","logger_name":"com.netflix.eureka.registry.AbstractInstanceRegistry","thread_name":"Eureka-EvictionTimer","level":"INFO","level_value":20000}
{"@timestamp":"2026-01-03T23:24:21.3425879+05:30","@version":"1","message":"Running the evict task with compensationTime 0ms","logger_name":"com.netflix.eureka.registry.AbstractInstanceRegistry","thread_name":"Eureka-EvictionTimer","level":"INFO","level_value":20000}
{"@timestamp":"2026-01-03T23:25:21.3427096+05:30","@version":"1","message":"Running the evict task with compensationTime 0ms","logger_name":"com.netflix.eureka.registry.AbstractInstanceRegistry","thread_name":"Eureka-EvictionTimer","level":"INFO","level_value":20000}
{"@timestamp":"2026-01-03T23:26:21.3434811+05:30","@version":"1","message":"Running the evict task with compensationTime 0ms","logger_name":"com.netflix.eureka.registry.AbstractInstanceRegistry","thread_name":"Eureka-EvictionTimer","level":"INFO","level_value":20000}
{"@timestamp":"2026-01-03T23:27:19.3803124+05:30","@version":"1","message":"The replica size seems to be empty. Check the route 53 DNS Registry","logger_name":"com.netflix.eureka.cluster.PeerEurekaNodes","thread_name":"Eureka-PeerNodesUpdater","level":"WARN","level_value":30000}
{"@timestamp":"2026-01-03T23:27:21.3436945+05:30","@version":"1","message":"Running the evict task with compensationTime 0ms","logger_name":"com.netflix.eureka.registry.AbstractInstanceRegistry","thread_name":"Eureka-EvictionTimer","level":"INFO","level_value":20000}
{"@timestamp":"2026-01-03T23:28:21.3601694+05:30","@version":"1","message":"Running the evict task with compensationTime 16ms","logger_name":"com.netflix.eureka.registry.AbstractInstanceRegistry","thread_name":"Eureka-EvictionTimer","level":"INFO","level_value":20000}
{"@timestamp":"2026-01-03T23:29:21.3660474+05:30","@version":"1","message":"Running the evict task with compensationTime 6ms","logger_name":"com.netflix.eureka.registry.AbstractInstanceRegistry","thread_name":"Eureka-EvictionTimer","level":"INFO","level_value":20000}
{"@timestamp":"2026-01-03T23:30:21.3688571+05:30","@version":"1","message":"Running the evict task with compensationTime 2ms","logger_name":"com.netflix.eureka.registry.AbstractInstanceRegistry","thread_name":"Eureka-EvictionTimer","level":"INFO","level_value":20000}
{"@timestamp":"2026-01-03T23:31:21.375349+05:30","@version":"1","message":"Running the evict task with compensationTime 5ms","logger_name":"com.netflix.eureka.registry.AbstractInstanceRegistry","thread_name":"Eureka-EvictionTimer","level":"INFO","level_value":20000}
{"@timestamp":"2026-01-03T23:32:18.4034003+05:30","@version":"1","message":"Current renewal threshold is : 0","logger_name":"com.netflix.eureka.registry.PeerAwareInstanceRegistryImpl","thread_name":"ReplicaAwareInstanceRegistry - RenewalThresholdUpdater","level":"INFO","level_value":20000}
{"@timestamp":"2026-01-03T23:32:21.3751891+05:30","@version":"1","message":"Running the evict task with compensationTime 0ms","logger_name":"com.netflix.eureka.registry.AbstractInstanceRegistry","thread_name":"Eureka-EvictionTimer","level":"INFO","level_value":20000}
{"@timestamp":"2026-01-03T23:33:21.3765992+05:30","@version":"1","message":"Running the evict task with compensationTime 1ms","logger_name":"com.netflix.eureka.registry.AbstractInstanceRegistry","thread_name":"Eureka-EvictionTimer","level":"INFO","level_value":20000}
{"@timestamp":"2026-01-03T23:34:21.3819564+05:30","@version":"1","message":"Running the evict task with compensationTime 5ms","logger_name":"com.netflix.eureka.registry.AbstractInstanceRegistry","thread_name":"Eureka-EvictionTimer","level":"INFO","level_value":20000}
{"@timestamp":"2026-01-03T23:35:21.3933712+05:30","@version":"1","message":"Running the evict task with compensationTime 11ms","logger_name":"com.netflix.eureka.registry.AbstractInstanceRegistry","thread_name":"Eureka-EvictionTimer","level":"INFO","level_value":20000}
{"@timestamp":"2026-01-03T23:36:21.4070974+05:30","@version":"1","message":"Running the evict task with compensationTime 13ms","logger_name":"com.netflix.eureka.registry.AbstractInstanceRegistry","thread_name":"Eureka-EvictionTimer","level":"INFO","level_value":20000}
{"@timestamp":"2026-01-03T23:37:19.4316195+05:30","@version":"1","message":"The replica size seems to be empty. Check the route 53 DNS Registry","logger_name":"com.netflix.eureka.cluster.PeerEurekaNodes","thread_name":"Eureka-PeerNodesUpdater","level":"WARN","level_value":30000}
{"@timestamp":"2026-01-03T23:37:21.4189907+05:30","@version":"1","message":"Running the evict task with compensationTime 12ms","logger_name":"com.netflix.eureka.registry.AbstractInstanceRegistry","thread_name":"Eureka-EvictionTimer","level":"INFO","level_value":20000}
{"@timestamp":"2026-01-03T23:38:21.4240939+05:30","@version":"1","message":"Running the evict task with compensationTime 5ms","logger_name":"com.netflix.eureka.registry.AbstractInstanceRegistry","thread_name":"Eureka-EvictionTimer","level":"INFO","level_value":20000}
{"@timestamp":"2026-01-03T23:39:21.4242417+05:30","@version":"1","message":"Running the evict task with compensationTime 0ms","logger_name":"com.netflix.eureka.registry.AbstractInstanceRegistry","thread_name":"Eureka-EvictionTimer","level":"INFO","level_value":20000}
{"@timestamp":"2026-01-03T23:40:21.4374098+05:30","@version":"1","message":"Running the evict task with compensationTime 13ms","logger_name":"com.netflix.eureka.registry.AbstractInstanceRegistry","thread_name":"Eureka-EvictionTimer","level":"INFO","level_value":20000}
{"@timestamp":"2026-01-03T23:41:21.4483418+05:30","@version":"1","message":"Running the evict task with compensationTime 11ms","logger_name":"com.netflix.eureka.registry.AbstractInstanceRegistry","thread_name":"Eureka-EvictionTimer","level":"INFO","level_value":20000}
{"@timestamp":"2026-01-03T23:42:21.4500011+05:30","@version":"1","message":"Running the evict task with compensationTime 1ms","logger_name":"com.netflix.eureka.registry.AbstractInstanceRegistry","thread_name":"Eureka-EvictionTimer","level":"INFO","level_value":20000}
{"@timestamp":"2026-01-03T23:43:21.4558721+05:30","@version":"1","message":"Running the evict task with compensationTime 5ms","logger_name":"com.netflix.eureka.registry.AbstractInstanceRegistry","thread_name":"Eureka-EvictionTimer","level":"INFO","level_value":20000}
{"@timestamp":"2026-01-03T23:44:21.4629626+05:30","@version":"1","message":"Running the evict task with compensationTime 7ms","logger_name":"com.netflix.eureka.registry.AbstractInstanceRegistry","thread_name":"Eureka-EvictionTimer","level":"INFO","level_value":20000}
{"@timestamp":"2026-01-03T23:45:21.4728688+05:30","@version":"1","message":"Running the evict task with compensationTime 10ms","logger_name":"com.netflix.eureka.registry.AbstractInstanceRegistry","thread_name":"Eureka-EvictionTimer","level":"INFO","level_value":20000}
{"@timestamp":"2026-01-03T23:46:21.4876538+05:30","@version":"1","message":"Running the evict task with compensationTime 14ms","logger_name":"com.netflix.eureka.registry.AbstractInstanceRegistry","thread_name":"Eureka-EvictionTimer","level":"INFO","level_value":20000}
{"@timestamp":"2026-01-03T23:47:18.4127638+05:30","@version":"1","message":"Current renewal threshold is : 0","logger_name":"com.netflix.eureka.registry.PeerAwareInstanceRegistryImpl","thread_name":"ReplicaAwareInstanceRegistry - RenewalThresholdUpdater","level":"INFO","level_value":20000}
{"@timestamp":"2026-01-03T23:47:19.469086+05:30","@version":"1","message":"The replica size seems to be empty. Check the route 53 DNS Registry","logger_name":"com.netflix.eureka.cluster.PeerEurekaNodes","thread_name":"Eureka-PeerNodesUpdater","level":"WARN","level_value":30000}
{"@timestamp":"2026-01-03T23:47:21.4886479+05:30","@version":"1","message":"Running the evict task with compensationTime 0ms","logger_name":"com.netflix.eureka.registry.AbstractInstanceRegistry","thread_name":"Eureka-EvictionTimer","level":"INFO","level_value":20000}
{"@timestamp":"2026-01-03T23:48:21.4894733+05:30","@version":"1","message":"Running the evict task with compensationTime 0ms","logger_name":"com.netflix.eureka.registry.AbstractInstanceRegistry","thread_name":"Eureka-EvictionTimer","level":"INFO","level_value":20000}
{"@timestamp":"2026-01-03T23:51:47.5459434+05:30","@version":"1","message":"Running the evict task with compensationTime 146055ms","logger_name":"com.netflix.eureka.registry.AbstractInstanceRegistry","thread_name":"Eureka-EvictionTimer","level":"INFO","level_value":20000}
{"@timestamp":"2026-01-03T23:52:47.5473648+05:30","@version":"1","message":"Running the evict task with compensationTime 0ms","logger_name":"com.netflix.eureka.registry.AbstractInstanceRegistry","thread_name":"Eureka-EvictionTimer","level":"INFO","level_value":20000}
{"@timestamp":"2026-01-03T23:53:47.5453624+05:30","@version":"1","message":"Running the evict task with compensationTime 0ms","logger_name":"com.netflix.eureka.registry.AbstractInstanceRegistry","thread_name":"Eureka-EvictionTimer","level":"INFO","level_value":20000}
{"@timestamp":"2026-01-03T23:54:47.5455465+05:30","@version":"1","message":"Running the evict task with compensationTime 0ms","logger_name":"com.netflix.eureka.registry.AbstractInstanceRegistry","thread_name":"Eureka-EvictionTimer","level":"INFO","level_value":20000}
{"@timestamp":"2026-01-03T23:55:47.5582723+05:30","@version":"1","message":"Running the evict task with compensationTime 12ms","logger_name":"com.netflix.eureka.registry.AbstractInstanceRegistry","thread_name":"Eureka-EvictionTimer","level":"INFO","level_value":20000}
{"@timestamp":"2026-01-03T23:56:47.5656764+05:30","@version":"1","message":"Running the evict task with compensationTime 7ms","logger_name":"com.netflix.eureka.registry.AbstractInstanceRegistry","thread_name":"Eureka-EvictionTimer","level":"INFO","level_value":20000}
{"@timestamp":"2026-01-03T23:57:47.5718737+05:30","@version":"1","message":"Running the evict task with compensationTime 6ms","logger_name":"com.netflix.eureka.registry.AbstractInstanceRegistry","thread_name":"Eureka-EvictionTimer","level":"INFO","level_value":20000}
{"@timestamp":"2026-01-03T23:58:47.574409+05:30","@version":"1","message":"Running the evict task with compensationTime 2ms","logger_name":"com.netflix.eureka.registry.AbstractInstanceRegistry","thread_name":"Eureka-EvictionTimer","level":"INFO","level_value":20000}
{"@timestamp":"2026-01-03T23:59:45.4420588+05:30","@version":"1","message":"The replica size seems to be empty. Check the route 53 DNS Registry","logger_name":"com.netflix.eureka.cluster.PeerEurekaNodes","thread_name":"Eureka-PeerNodesUpdater","level":"WARN","level_value":30000}
{"@timestamp":"2026-01-03T23:59:47.5764954+05:30","@version":"1","message":"Running the evict task with compensationTime 1ms","logger_name":"com.netflix.eureka.registry.AbstractInstanceRegistry","thread_name":"Eureka-EvictionTimer","level":"INFO","level_value":20000}
